snp-dists 0.7.0,"NC_038235.1_Human_orthopneumovirus_Subgroup_A,_complete_cds",MZ515564.1,MZ515568.1,MZ515572.1,MZ515580.1,MZ515592.1,MZ515606.1,MZ515616.1,MZ515620.1,MZ515628.1,MZ515631.1,MZ515632.1,MZ515634.1,MZ515641.1,MZ515643.1,MZ515649.1,MZ515650.1,MZ515651.1,MZ515654.1,MZ515655.1,MZ515659.1,MZ515675.1,MZ515680.1,MZ515690.1,MZ515696.1,MZ515700.1,MZ515701.1,MZ515702.1,MZ515703.1,MZ515705.1,MZ515709.1,MZ515717.1,MZ515718.1,MZ515720.1,MZ515722.1,MZ515731.1,MZ515734.1,MZ515740.1,MZ515741.1,MZ515744.1,MZ515766.1,MZ515780.1,MZ515789.1,MZ515790.1,MZ515801.1,MZ515803.1,MZ515821.1,MZ515825.1,MZ515826.1,MZ515828.1,MZ515833.1,MZ515835.1,MZ515840.1,MZ515841.1,MZ515852.1,MZ515859.1,MZ515862.1,MZ515866.1,MZ515875.1,MZ515877.1,MZ515884.1,MZ515888.1,MZ515898.1,MZ515901.1,MZ515906.1,MZ515913.1,MZ515931.1,MZ515939.1,MZ515945.1,MZ515957.1,MZ515960.1,MZ515967.1,MZ515968.1,MZ515971.1,MZ515973.1,MZ515983.1,MZ515985.1,MZ516005.1,MZ516024.1,MZ516026.1,MZ516035.1,MZ516038.1,MZ516039.1,MZ516043.1,MZ516044.1,MZ516048.1,MZ516053.1,MZ516055.1,MZ516057.1,MZ516058.1,MZ516068.1,MZ516077.1,MZ516078.1,MZ516080.1,MZ516087.1,MZ516088.1,MZ516090.1,MZ516097.1,MZ516099.1,MZ516103.1,MZ516108.1,MZ516110.1,MZ516118.1,MZ516132.1,MZ516134.1,MZ516138.1,PP376264.1,PP376268.1,PP376282.1,PP376285.1,PP376299.1,PP376300.1,PP376309.1,PP376310.1,PP376314.1,PP376315.1,PP376317.1,PP376330.1,PP376337.1,PP376345.1,PP376354.1,PP376366.1,PP376388.1,PP376390.1,PP376391.1,PP376413.1,PP376420.1,PP376421.1,PP376435.1,PP376438.1,PP376471.1,PP376473.1,PP376476.1,PP376480.1,PP376538.1,PP376539.1,PP376565.1,PP376579.1,PP376582.1,PP376591.1,PP376593.1,PP376601.1,PP376604.1,PP376613.1,PP376629.1,PP376644.1,PP376655.1,PP376686.1,PP376689.1,PP376700.1,PP376724.1,PP376753.1,PP376775.1,PP376784.1,PP376790.1,PP376807.1,PP376831.1,PP377511.1
"NC_038235.1_Human_orthopneumovirus_Subgroup_A,_complete_cds",0,828,836,816,837,818,829,822,815,835,817,813,827,818,831,833,826,834,644,826,804,809,831,823,834,836,835,616,821,736,833,828,817,833,768,815,804,825,806,836,835,823,813,834,835,831,833,818,623,816,821,823,813,825,839,837,818,835,675,834,819,807,836,832,759,818,836,827,834,830,764,825,739,836,814,751,831,816,833,835,713,837,831,825,833,772,823,815,811,817,832,812,812,834,813,840,846,826,791,832,816,818,822,833,816,645,821,826,834,826,810,819,813,837,803,834,813,815,832,821,815,834,816,823,835,835,836,822,815,833,836,833,812,813,833,818,768,832,824,834,837,820,833,827,818,817,833,835,821,795,837,833,813,823,813,831,824,813
MZ515564.1,828,0,193,171,183,177,179,185,170,195,175,151,190,119,185,195,177,180,122,177,169,1,185,177,182,193,181,126,167,153,181,175,118,181,145,152,189,174,174,198,181,182,165,192,181,185,182,177,89,153,170,174,168,177,190,183,119,1,156,180,178,171,182,177,170,119,193,174,185,190,184,177,144,194,117,157,182,159,193,190,153,183,168,158,188,157,173,170,158,168,186,153,117,183,168,186,196,179,174,180,160,155,185,181,177,132,167,177,185,177,156,173,168,188,157,181,165,160,180,172,152,192,153,173,197,190,182,185,170,188,183,193,167,151,181,155,161,180,187,192,183,168,181,174,119,175,193,1,171,137,183,191,158,182,165,182,173,165
MZ515568.1,836,193,0,193,209,206,109,212,197,13,103,188,214,185,118,13,202,204,161,202,195,188,118,202,206,0,205,159,192,188,205,111,185,205,183,189,11,199,202,14,205,211,45,10,205,118,206,208,149,188,193,194,199,200,217,207,185,193,184,204,207,197,206,185,205,184,0,203,99,9,14,205,177,10,183,188,209,194,11,215,97,209,201,189,213,184,195,197,183,46,119,182,187,209,199,210,114,109,200,204,187,190,212,205,206,163,192,202,99,202,179,91,198,215,181,111,45,186,204,194,189,10,188,193,14,215,206,212,197,213,206,11,197,188,205,190,189,204,214,8,207,191,93,203,185,103,12,193,193,156,209,9,186,211,44,209,198,45
MZ515572.1,816,171,193,0,155,182,183,190,173,194,176,163,186,162,184,194,181,152,119,181,173,165,184,181,154,193,153,129,40,142,151,183,160,151,154,164,192,26,144,197,153,187,166,191,153,184,152,182,130,165,20,3,152,27,146,155,162,171,158,152,183,177,154,159,180,159,193,111,184,189,187,178,96,193,160,140,57,174,192,133,161,155,178,150,131,22,2,173,164,169,185,158,160,155,152,158,194,183,146,150,97,167,190,151,182,138,40,181,184,181,109,178,152,144,163,187,166,97,150,23,164,191,165,3,196,133,154,190,173,131,156,192,151,163,151,167,169,150,192,191,155,19,181,111,162,176,192,171,0,144,155,190,93,187,166,57,25,166
MZ515580.1,837,183,209,155,0,195,193,203,185,210,193,180,204,179,202,210,190,11,132,190,183,178,202,190,13,209,12,141,155,158,8,195,175,8,172,181,204,162,7,211,12,200,185,207,12,202,9,197,142,180,156,159,169,163,175,14,179,183,170,11,196,184,13,56,191,174,209,159,204,206,201,196,137,209,177,155,171,188,208,175,172,0,191,170,173,149,158,185,177,188,203,168,175,8,169,17,211,193,11,7,151,182,203,8,195,158,155,190,204,190,144,195,169,173,175,197,185,151,7,158,181,207,180,159,210,175,13,203,185,173,18,208,168,180,8,182,183,7,205,207,14,155,199,159,179,193,208,183,156,156,0,206,147,200,185,171,161,185
MZ515592.1,818,177,206,182,195,0,191,10,180,207,185,170,196,167,196,205,192,192,139,192,177,170,196,192,194,206,193,140,180,169,191,193,166,191,160,171,202,187,187,208,193,7,179,204,192,196,192,136,137,172,181,186,183,188,204,195,167,176,12,192,3,188,194,193,7,165,206,185,196,202,192,190,161,206,165,169,195,181,205,197,167,195,185,170,195,172,185,180,171,182,197,172,167,195,183,198,205,190,183,190,175,174,10,191,2,154,180,192,196,192,168,183,183,202,170,195,179,175,190,183,171,204,172,185,205,197,194,10,180,195,195,205,182,170,191,174,175,190,12,204,195,179,195,185,167,185,205,176,183,152,195,203,173,7,179,195,186,179
MZ515606.1,829,179,109,183,193,191,0,197,184,110,87,175,194,169,102,110,187,188,138,187,181,174,102,187,190,109,189,143,179,171,189,46,167,189,167,176,105,186,186,111,189,196,78,107,189,102,190,193,130,176,182,187,183,187,206,191,169,179,168,188,192,182,190,161,190,166,109,192,102,104,103,188,159,109,167,172,196,183,108,204,0,193,190,169,202,174,186,184,168,81,103,167,167,193,183,194,112,0,181,188,178,178,197,189,191,152,179,187,102,187,167,88,183,204,167,8,78,178,188,184,176,107,176,186,110,204,190,197,184,202,191,108,183,175,189,178,179,188,199,107,191,180,96,192,169,87,108,179,184,148,193,106,176,196,78,196,185,78
MZ515616.1,822,185,212,190,203,10,197,0,188,213,191,178,204,175,202,211,200,200,146,200,185,178,202,200,202,212,201,147,188,177,199,199,174,199,167,179,208,195,195,214,201,13,185,210,200,202,200,144,144,180,189,194,191,196,212,203,175,184,4,200,11,196,202,201,13,173,212,192,200,208,197,196,169,212,173,176,203,189,211,205,173,203,193,178,203,179,193,188,179,188,203,180,175,203,191,206,211,196,190,198,183,182,0,199,10,161,188,200,200,200,176,189,191,210,178,201,185,183,198,191,179,210,180,193,211,205,202,0,188,203,203,211,190,178,199,182,182,198,4,210,203,187,201,192,175,191,211,184,191,158,203,209,181,13,185,203,194,185
MZ515620.1,815,170,197,173,185,180,184,188,0,198,176,163,166,161,189,198,154,184,131,154,1,161,189,154,186,197,185,117,170,157,183,186,155,183,158,164,191,175,174,197,185,185,168,195,185,189,184,182,125,164,169,176,168,176,191,187,161,170,159,184,181,151,186,187,175,154,197,173,189,193,184,149,144,197,159,155,183,174,194,188,162,185,178,159,186,163,175,0,138,171,190,133,157,185,168,190,200,183,179,182,161,166,188,181,180,144,170,154,189,154,157,180,168,189,137,188,168,161,180,171,164,195,164,176,196,188,186,188,0,186,189,194,167,163,183,166,175,180,190,195,187,168,182,173,161,176,196,170,173,146,185,194,159,185,168,183,174,168
MZ515628.1,835,195,13,194,210,207,110,213,198,0,104,191,215,188,119,10,203,205,162,203,196,190,119,203,207,13,206,161,193,188,206,114,188,206,186,192,14,200,203,17,206,212,46,11,206,119,207,209,152,191,194,195,198,201,218,208,188,195,186,205,208,199,207,186,206,187,13,204,100,10,17,206,178,13,186,188,210,197,6,216,99,210,204,190,214,186,196,198,184,47,120,183,190,210,198,211,115,110,201,205,188,193,213,206,207,167,193,203,100,203,180,92,197,216,182,112,46,187,205,195,192,11,191,194,17,216,207,213,198,214,207,6,196,191,206,193,193,205,215,11,208,192,94,204,188,104,7,195,194,156,210,10,187,212,45,210,199,46
MZ515631.1,817,175,103,176,193,185,87,191,176,104,0,165,185,164,88,104,181,188,138,181,175,169,88,181,190,103,189,135,171,169,189,91,166,189,159,166,102,180,184,107,189,190,74,101,189,88,190,186,126,166,174,179,178,181,198,191,164,175,161,188,186,177,190,169,183,165,103,186,96,100,101,182,154,103,162,167,188,173,102,194,75,193,180,165,192,168,178,176,160,77,89,161,168,193,178,194,106,86,182,188,172,168,191,189,185,142,171,181,96,181,163,80,178,196,158,91,74,172,188,176,166,101,166,178,106,194,190,191,176,192,191,102,177,165,189,168,169,188,193,101,191,172,90,186,164,0,102,175,176,142,193,100,170,190,74,188,179,74
MZ515632.1,813,151,188,163,180,170,175,178,163,191,165,0,184,141,181,191,171,177,129,171,163,142,181,171,179,188,178,129,162,152,178,175,143,178,8,7,186,167,170,192,178,174,161,188,178,181,179,168,112,8,161,166,165,168,179,180,141,150,154,177,171,166,179,174,166,142,188,167,178,186,182,174,139,190,139,154,177,48,189,185,160,180,55,150,183,153,165,163,153,164,182,150,144,180,165,183,189,175,172,177,155,10,178,178,170,40,162,171,178,171,150,169,165,177,152,179,161,155,177,163,7,188,8,165,191,185,179,178,163,183,180,187,164,0,178,10,22,177,180,188,180,159,175,167,141,165,189,150,163,131,180,187,153,174,161,177,166,161
MZ515634.1,827,190,214,186,204,196,194,204,166,215,185,184,0,183,202,215,181,203,143,181,165,182,202,180,205,214,204,139,185,180,200,196,185,200,180,185,208,193,194,214,204,201,185,212,204,202,201,200,143,186,187,190,192,194,206,206,183,190,175,203,197,176,205,203,190,184,214,197,204,210,200,176,160,214,181,176,203,196,213,206,172,204,201,174,204,178,189,166,153,188,203,140,186,204,192,209,211,193,196,199,183,188,204,200,196,161,185,181,204,181,172,190,192,204,152,199,185,183,199,188,185,212,186,189,213,206,205,204,166,204,206,213,191,184,200,188,191,199,206,212,206,185,197,197,183,185,213,190,187,160,204,211,181,201,185,203,192,185
MZ515641.1,818,119,185,162,179,167,169,175,161,188,164,141,183,0,181,188,166,176,125,166,160,112,181,166,178,185,177,118,161,146,175,170,84,175,137,142,181,168,167,187,177,172,158,185,177,181,176,166,1,142,162,165,158,169,181,179,0,118,152,176,168,161,178,173,159,85,185,168,179,183,176,167,135,187,4,146,172,152,186,184,149,179,152,153,182,150,164,161,154,161,182,151,84,179,158,182,190,169,169,174,156,144,175,175,167,130,161,166,179,166,149,168,158,179,153,173,158,156,174,164,142,185,142,164,186,184,178,175,161,182,179,186,157,141,175,144,149,174,177,185,179,160,172,168,0,164,186,118,162,133,179,184,154,172,158,172,167,158
MZ515643.1,831,185,118,184,202,196,102,202,189,119,88,181,202,181,0,119,198,197,149,198,188,181,0,198,199,118,198,143,183,178,198,107,181,198,172,182,117,190,190,122,198,201,89,116,198,0,199,200,138,180,184,187,193,191,208,200,181,186,165,197,197,193,199,180,192,180,118,192,109,114,112,199,161,118,179,180,200,189,117,206,88,202,196,178,204,173,186,189,176,92,1,176,182,202,193,203,117,101,189,197,180,182,202,198,196,151,183,198,109,198,173,98,193,206,175,106,89,180,197,186,182,116,180,186,121,206,199,202,189,204,200,117,192,181,198,182,187,197,204,116,200,182,105,192,181,88,117,186,184,157,202,115,178,201,89,200,189,89
MZ515649.1,833,195,13,194,210,205,110,211,198,10,104,191,215,188,119,0,203,205,160,203,196,190,119,203,207,13,206,161,193,186,206,114,188,206,186,192,14,200,203,17,206,210,46,11,206,119,207,207,151,191,194,195,196,201,216,208,188,195,184,205,206,199,207,186,204,187,13,202,100,10,17,206,178,13,186,186,210,197,8,214,99,210,204,190,212,186,196,198,184,47,120,183,190,210,196,211,115,110,201,205,188,193,211,206,205,167,193,203,100,203,178,92,195,214,182,112,46,187,205,195,192,11,191,194,17,214,207,211,198,212,207,8,194,191,206,193,193,205,213,11,208,192,94,202,188,104,9,195,194,154,210,10,187,210,45,210,199,46
MZ515650.1,826,177,202,181,190,192,187,200,154,203,181,171,181,166,198,203,0,189,140,0,153,170,198,0,191,202,190,0,178,164,188,189,170,188,164,172,197,185,181,204,190,197,177,200,190,198,189,192,126,173,179,184,180,186,196,192,166,177,165,189,193,0,191,188,185,169,202,175,198,197,191,155,147,202,164,166,193,184,201,197,161,190,185,171,195,165,183,154,150,180,199,145,172,190,180,193,209,186,183,187,165,175,200,188,190,147,178,0,198,0,163,187,180,194,149,191,177,165,187,181,172,200,173,183,203,197,191,200,154,195,192,201,179,171,188,175,180,187,202,198,192,177,189,175,166,181,201,177,181,153,190,199,163,197,177,193,184,177
MZ515651.1,834,180,204,152,11,192,188,200,184,205,188,177,203,176,197,205,189,0,129,189,182,175,197,189,4,204,3,141,152,155,9,190,172,9,169,178,199,159,8,206,3,197,180,202,3,197,10,194,140,177,153,156,166,160,172,5,176,180,169,8,193,183,4,49,189,171,204,156,199,201,196,194,134,204,174,152,168,187,203,172,168,11,188,167,170,146,155,184,176,183,198,167,172,11,166,8,206,188,2,8,148,179,200,9,192,159,152,189,199,189,141,190,166,170,174,192,180,148,8,155,178,202,177,156,205,172,4,200,184,170,9,203,165,177,9,179,179,8,202,202,5,152,194,156,176,188,203,180,153,153,11,201,144,197,180,168,158,180
MZ515654.1,644,122,161,119,132,139,138,146,131,162,138,129,143,125,149,160,140,129,0,140,130,120,149,140,131,161,129,111,118,3,127,144,126,127,131,132,156,123,125,159,129,144,137,161,130,149,128,138,108,132,118,122,0,125,134,131,125,122,126,129,140,138,131,133,141,127,161,121,144,160,155,141,108,161,123,3,124,142,159,130,131,132,141,121,128,114,121,131,133,141,150,121,128,129,0,133,165,138,127,127,113,134,146,128,139,125,118,140,144,140,107,145,0,132,133,141,137,113,127,120,132,161,132,122,160,130,130,146,131,128,132,160,1,129,127,134,132,127,147,159,131,117,149,121,125,138,159,122,119,109,132,160,109,144,137,124,123,137
MZ515655.1,826,177,202,181,190,192,187,200,154,203,181,171,181,166,198,203,0,189,140,0,153,170,198,0,191,202,190,0,178,164,188,189,170,188,164,172,197,185,181,204,190,197,177,200,190,198,189,192,126,173,179,184,180,186,196,192,166,177,165,189,193,0,191,188,185,169,202,175,198,197,191,155,147,202,164,166,193,184,201,197,161,190,185,171,195,165,183,154,150,180,199,145,172,190,180,193,209,186,183,187,165,175,200,188,190,147,178,0,198,0,163,187,180,194,149,191,177,165,187,181,172,200,173,183,203,197,191,200,154,195,192,201,179,171,188,175,180,187,202,198,192,177,189,175,166,181,201,177,181,153,190,199,163,197,177,193,184,177
MZ515659.1,804,169,195,173,183,177,181,185,1,196,175,163,165,160,188,196,153,182,130,153,0,160,188,153,184,195,183,118,170,157,181,184,155,181,156,164,189,175,172,194,183,182,167,193,183,188,182,182,125,164,169,176,167,175,190,185,160,169,157,182,178,150,184,185,175,154,195,171,187,191,184,149,144,195,158,156,182,174,192,188,161,183,178,159,186,163,175,1,139,170,189,134,156,182,167,188,198,180,178,180,160,166,185,179,177,144,170,153,187,153,155,179,167,188,138,185,167,160,178,171,164,193,164,176,194,188,184,185,1,186,187,192,166,163,181,166,174,178,187,193,185,168,180,171,160,175,193,169,173,146,183,192,158,182,167,182,174,167
MZ515675.1,809,1,188,165,178,170,174,178,161,190,169,142,182,112,181,190,170,175,120,170,160,0,181,170,177,188,176,124,161,150,176,170,112,176,137,143,184,168,169,192,176,175,160,187,176,181,177,170,87,144,164,168,164,171,185,178,112,0,150,175,171,166,177,172,166,113,188,170,178,185,181,169,141,189,110,154,175,152,188,183,148,178,159,153,181,151,167,161,151,163,182,142,110,178,164,181,189,174,169,175,156,146,178,176,170,127,161,170,178,170,151,167,164,183,150,175,160,156,175,166,143,187,144,167,192,183,177,178,161,181,177,188,163,142,176,146,152,175,180,187,178,162,176,170,112,169,188,0,165,132,178,186,154,175,160,175,167,160
MZ515680.1,831,185,118,184,202,196,102,202,189,119,88,181,202,181,0,119,198,197,149,198,188,181,0,198,199,118,198,143,183,178,198,107,181,198,172,182,117,190,190,122,198,201,89,116,198,0,199,200,138,180,184,187,193,191,208,200,181,186,165,197,197,193,199,180,192,180,118,192,109,114,112,199,161,118,179,180,200,189,117,206,88,202,196,178,204,173,186,189,176,92,1,176,182,202,193,203,117,101,189,197,180,182,202,198,196,151,183,198,109,198,173,98,193,206,175,106,89,180,197,186,182,116,180,186,121,206,199,202,189,204,200,117,192,181,198,182,187,197,204,116,200,182,105,192,181,88,117,186,184,157,202,115,178,201,89,200,189,89
MZ515690.1,823,177,202,181,190,192,187,200,154,203,181,171,180,166,198,203,0,189,140,0,153,170,198,0,191,202,190,0,178,164,188,189,170,188,164,172,197,185,181,204,190,197,177,200,190,198,189,192,126,173,179,184,180,186,196,192,166,177,165,189,193,0,191,188,185,169,202,175,198,197,191,155,147,202,164,166,193,183,201,197,161,190,185,171,195,165,183,154,150,180,199,145,172,190,180,192,209,186,183,187,165,175,200,188,190,147,178,0,198,0,163,187,180,194,149,191,177,165,187,181,172,200,173,183,203,197,191,200,154,195,192,201,179,171,188,175,180,187,202,198,192,177,189,175,166,181,201,177,181,153,190,199,163,197,177,193,184,177
MZ515696.1,834,182,206,154,13,194,190,202,186,207,190,179,205,178,199,207,191,4,131,191,184,177,199,191,0,206,5,141,154,157,11,192,174,11,171,180,201,161,10,208,5,199,182,204,5,199,12,196,141,179,155,158,168,162,174,7,178,182,170,10,195,185,6,51,191,173,206,158,201,203,198,196,135,206,176,153,170,189,205,174,170,13,190,169,172,148,157,186,176,185,200,169,174,13,168,10,208,190,4,10,150,181,202,11,194,160,154,191,201,191,143,192,168,172,174,194,182,150,10,157,180,204,179,158,207,174,6,202,186,172,11,205,167,179,11,181,181,10,204,204,7,154,196,158,178,190,205,182,155,155,13,203,146,199,182,170,160,182
MZ515700.1,836,193,0,193,209,206,109,212,197,13,103,188,214,185,118,13,202,204,161,202,195,188,118,202,206,0,205,159,192,188,205,111,185,205,183,189,11,199,202,14,205,211,45,10,205,118,206,208,149,188,193,194,199,200,217,207,185,193,184,204,207,197,206,185,205,184,0,203,99,9,14,205,177,10,183,188,209,194,11,215,97,209,201,189,213,184,195,197,183,46,119,182,187,209,199,210,114,109,200,204,187,190,212,205,206,163,192,202,99,202,179,91,198,215,181,111,45,186,204,194,189,10,188,193,14,215,206,212,197,213,206,11,197,188,205,190,189,204,214,8,207,191,93,203,185,103,12,193,193,156,209,9,186,211,44,209,198,45
MZ515701.1,835,181,205,153,12,193,189,201,185,206,189,178,204,177,198,206,190,3,129,190,183,176,198,190,5,205,0,141,153,156,10,191,173,10,170,179,200,160,9,207,4,198,181,203,4,198,11,195,141,178,154,157,167,161,173,6,177,181,170,9,194,184,5,50,190,172,205,157,200,202,196,195,135,205,175,153,169,188,204,173,168,12,189,168,171,147,156,185,177,184,199,168,173,12,167,9,207,189,3,9,149,180,201,10,193,160,153,190,200,190,142,191,167,171,175,193,181,149,9,156,179,203,178,157,206,173,5,201,185,171,10,204,166,178,10,180,180,9,203,203,6,153,195,157,177,189,204,181,154,154,12,202,145,198,181,169,159,181
MZ515702.1,616,126,159,129,141,140,143,147,117,161,135,129,139,118,143,161,0,141,111,0,118,124,143,0,141,159,141,0,130,120,138,144,124,138,128,130,157,134,138,159,142,143,134,156,142,143,141,143,102,131,130,132,126,135,141,143,118,126,136,140,140,0,143,140,142,123,159,128,147,155,157,117,115,160,116,121,137,141,158,151,131,141,137,127,149,127,131,117,117,138,144,105,124,140,126,144,162,143,140,139,123,133,147,139,138,126,130,0,147,0,117,145,126,139,116,144,134,123,138,133,130,156,131,132,159,151,143,147,117,149,142,159,125,129,138,133,137,138,148,157,143,129,134,128,118,135,157,126,129,114,141,155,120,143,134,137,133,134
MZ515703.1,821,167,192,40,155,180,179,188,170,193,171,162,185,161,183,193,178,152,118,178,170,161,183,178,154,192,153,130,0,138,151,179,159,151,155,163,191,44,145,196,153,185,163,190,153,183,152,178,132,164,38,43,149,45,146,155,161,167,158,152,181,174,154,159,177,158,192,110,182,188,188,177,97,192,159,138,49,171,191,131,156,155,177,149,129,40,42,170,159,166,184,155,159,155,149,158,195,179,147,150,96,166,188,151,180,139,0,178,182,178,104,175,149,144,158,183,163,96,150,41,163,190,164,43,195,131,154,188,170,129,157,191,148,162,151,166,168,150,190,190,155,37,178,110,161,171,191,167,40,141,155,189,92,185,163,49,43,163
MZ515705.1,736,153,188,142,158,169,171,177,157,188,169,152,180,146,178,186,164,155,3,164,157,150,178,164,157,188,156,120,138,0,154,176,149,154,154,154,178,145,148,187,156,174,161,187,156,178,155,165,117,155,140,145,5,147,156,158,146,155,152,154,170,161,157,161,167,150,188,145,174,186,176,166,124,189,144,0,147,162,185,152,158,158,165,151,150,138,144,157,150,164,179,144,147,158,5,160,193,171,149,152,132,157,177,154,169,137,138,164,174,164,125,172,5,154,150,174,161,132,153,142,154,187,155,145,187,152,156,177,157,150,159,186,5,152,154,157,163,153,179,187,158,139,175,145,146,169,187,155,142,126,158,186,128,174,161,147,144,161
MZ515709.1,833,181,205,151,8,191,189,199,183,206,189,178,200,175,198,206,188,9,127,188,181,176,198,188,11,205,10,138,151,154,0,191,173,0,169,179,200,158,3,207,10,196,181,203,10,198,5,193,138,178,152,155,165,159,173,12,175,181,168,9,192,182,11,52,188,172,205,157,200,202,196,192,135,205,173,150,167,186,204,171,168,8,189,168,169,145,154,183,175,184,199,166,173,8,165,15,207,189,8,3,149,180,199,4,191,157,151,188,200,188,140,191,165,171,173,193,181,149,3,154,179,203,178,155,206,171,11,199,183,169,16,204,164,178,0,180,180,3,201,203,12,151,195,157,175,189,204,181,152,152,8,202,145,196,181,167,157,181
MZ515717.1,828,175,111,183,195,193,46,199,186,114,91,175,196,170,107,114,189,190,144,189,184,170,107,189,192,111,191,144,179,176,191,0,166,191,169,176,111,186,187,117,191,198,82,111,191,107,192,195,132,176,182,187,187,189,207,193,170,175,170,190,194,184,192,151,191,165,111,192,106,109,111,191,163,113,168,176,197,183,112,206,40,195,190,173,204,176,186,186,169,85,108,168,168,195,187,196,116,46,183,190,178,178,199,191,193,154,179,189,106,189,171,92,187,205,168,50,82,178,190,184,176,111,176,186,116,206,192,199,186,204,195,112,187,175,191,178,181,190,201,111,193,180,100,192,170,91,112,175,184,148,195,110,176,198,82,197,185,82
MZ515718.1,817,118,185,160,175,166,167,174,155,188,166,143,185,84,181,188,170,172,126,170,155,112,181,170,174,185,173,124,159,149,173,166,0,173,139,144,186,166,167,191,173,171,158,185,173,181,174,164,69,145,160,163,160,167,179,175,84,117,151,172,167,163,174,173,164,3,185,166,179,183,184,167,133,187,82,150,170,156,186,182,148,175,156,149,180,150,162,155,149,161,182,147,4,175,160,178,190,167,167,172,152,147,174,173,166,132,159,170,179,170,145,168,160,177,148,171,158,152,172,162,144,185,145,163,190,182,174,174,155,180,177,186,159,143,173,147,149,172,176,185,175,159,174,166,84,166,186,117,160,133,175,184,150,171,158,170,165,158
MZ515720.1,833,181,205,151,8,191,189,199,183,206,189,178,200,175,198,206,188,9,127,188,181,176,198,188,11,205,10,138,151,154,0,191,173,0,169,179,200,158,3,207,10,196,181,203,10,198,5,193,138,178,152,155,165,159,173,12,175,181,168,9,192,182,11,52,188,172,205,157,200,202,196,192,135,205,173,150,167,186,204,171,168,8,189,168,169,145,154,183,175,184,199,166,173,8,165,15,207,189,8,3,149,180,199,4,191,157,151,188,200,188,140,191,165,171,173,193,181,149,3,154,179,203,178,155,206,171,11,199,183,169,16,204,164,178,0,180,180,3,201,203,12,151,195,157,175,189,204,181,152,152,8,202,145,196,181,167,157,181
MZ515722.1,768,145,183,154,172,160,167,167,158,186,159,8,180,137,172,186,164,169,131,164,156,137,172,164,171,183,170,128,155,154,169,169,139,169,0,5,182,159,165,187,170,164,156,183,170,172,171,160,113,10,153,157,162,160,171,172,137,144,150,169,161,159,171,165,157,138,183,157,170,182,180,169,136,185,135,153,166,48,184,177,155,172,55,147,175,149,156,158,147,160,173,139,140,172,162,174,183,167,166,169,147,12,167,170,160,40,155,164,170,164,146,166,162,169,147,170,156,147,169,155,5,183,10,156,187,177,171,167,158,175,171,182,161,8,169,12,25,169,169,183,172,151,169,157,137,159,184,144,154,124,172,182,145,164,156,166,158,156
MZ515731.1,815,152,189,164,181,171,176,179,164,192,166,7,185,142,182,192,172,178,132,172,164,143,182,172,180,189,179,130,163,154,179,176,144,179,5,0,187,168,171,193,179,175,162,189,179,182,180,169,114,9,162,167,168,169,180,181,142,151,156,178,172,167,180,175,167,143,189,168,181,187,183,175,140,191,140,157,178,49,190,186,160,181,56,153,184,155,166,164,154,165,183,151,145,181,168,184,190,176,173,178,156,11,179,179,171,41,163,172,181,172,151,170,168,178,153,180,162,156,178,164,0,189,9,166,192,186,180,179,164,184,181,188,167,7,179,11,25,178,181,189,181,160,176,168,142,166,190,151,164,132,181,188,154,175,162,178,167,162
MZ515734.1,804,189,11,192,204,202,105,208,191,14,102,186,208,181,117,14,197,199,156,197,189,184,117,197,201,11,200,157,191,178,200,111,186,200,182,187,0,198,198,4,199,207,44,11,200,117,200,203,145,186,192,193,188,199,213,202,181,188,183,199,203,193,201,181,202,185,11,200,96,10,5,200,175,11,179,180,207,193,12,213,95,204,199,184,211,185,194,191,181,45,118,177,187,203,188,205,113,105,197,199,186,188,208,200,202,164,191,197,96,197,177,90,187,211,179,105,44,185,199,193,187,11,186,192,7,213,201,208,191,211,200,12,186,186,200,188,188,199,210,9,202,190,92,200,181,102,13,188,192,155,204,10,185,207,43,207,197,44
MZ515740.1,825,174,199,26,162,187,186,195,175,200,180,167,193,168,190,200,185,159,123,185,175,168,190,185,161,199,160,134,44,145,158,186,166,158,159,168,198,0,151,203,160,192,170,197,160,190,159,185,135,169,10,29,156,23,153,162,168,174,163,159,188,181,161,166,183,165,199,116,189,195,194,182,98,199,166,144,59,178,198,136,164,162,184,156,134,11,28,175,166,173,191,158,166,162,156,165,202,186,153,157,102,171,195,158,187,142,44,185,189,185,113,182,156,151,165,190,170,102,157,13,168,197,169,29,202,136,161,195,175,134,164,198,155,167,158,171,175,157,197,197,162,9,185,116,168,180,198,174,26,148,162,196,98,192,170,59,1,170
MZ515741.1,806,174,202,144,7,187,186,195,174,203,184,170,194,167,190,203,181,8,125,181,172,169,190,181,10,202,9,138,145,148,3,187,167,3,165,171,198,151,0,204,9,192,177,200,9,190,4,188,132,170,146,148,156,153,168,11,167,173,164,7,187,175,10,49,184,166,202,154,191,199,196,187,129,202,165,145,161,178,201,165,165,7,181,163,163,140,147,174,170,180,191,158,166,6,156,14,203,186,8,2,144,172,195,1,187,152,145,181,191,181,135,187,156,166,168,187,177,144,0,148,171,200,170,148,203,165,10,195,174,163,15,201,156,170,3,172,173,0,197,200,11,145,191,154,167,184,201,173,145,147,7,199,140,192,177,161,150,177
MZ515744.1,836,198,14,197,211,208,111,214,197,17,107,192,214,187,122,17,204,206,159,204,194,192,122,204,208,14,207,159,196,187,207,117,191,207,187,193,4,203,204,0,207,213,49,14,207,122,208,210,149,192,197,198,197,204,219,209,187,198,187,206,209,200,208,189,206,190,14,205,103,13,4,207,178,14,185,187,213,198,15,219,99,211,205,191,217,189,199,197,187,50,123,186,193,211,197,212,118,110,201,206,191,194,214,207,208,168,196,204,103,204,183,95,196,217,185,113,49,190,206,198,193,14,192,197,10,219,208,214,197,217,208,15,195,192,207,194,194,206,216,12,209,195,97,205,187,107,16,198,197,160,211,13,190,213,48,213,202,49
MZ515766.1,835,181,205,153,12,193,189,201,185,206,189,178,204,177,198,206,190,3,129,190,183,176,198,190,5,205,4,142,153,156,10,191,173,10,170,179,199,160,9,207,0,198,181,203,2,198,9,195,140,178,154,157,167,161,173,6,177,181,170,9,194,184,3,50,190,172,205,157,200,202,197,195,135,205,175,152,169,188,204,173,169,12,189,168,171,147,156,185,177,184,199,168,173,12,167,9,207,189,3,9,149,180,201,10,193,160,153,190,200,190,142,191,167,171,175,193,181,149,9,156,179,203,178,157,206,173,5,201,185,171,10,204,166,178,10,180,180,9,203,203,6,153,195,157,177,189,204,181,154,154,12,202,145,198,181,169,159,181
MZ515780.1,823,182,211,187,200,7,196,13,185,212,190,174,201,172,201,210,197,197,144,197,182,175,201,197,199,211,198,143,185,174,196,198,171,196,164,175,207,192,192,213,198,0,184,209,197,201,197,141,142,176,186,191,188,193,209,200,172,181,15,197,8,193,199,198,0,170,211,190,201,207,197,195,166,211,170,174,200,185,210,202,172,200,189,175,200,176,190,185,176,187,202,177,172,200,188,203,210,195,188,195,180,178,13,196,7,158,185,197,201,197,173,188,188,207,175,200,184,180,195,188,175,209,176,190,210,202,199,13,185,200,200,210,187,174,196,178,179,195,15,209,200,184,200,190,172,190,210,181,188,157,200,208,178,0,184,200,191,184
MZ515789.1,813,165,45,166,185,179,78,185,168,46,74,161,185,158,89,46,177,180,137,177,167,160,89,177,182,45,181,134,163,161,181,82,158,181,156,162,44,170,177,49,181,184,0,43,181,89,182,179,125,162,164,169,172,171,192,183,158,165,158,180,180,172,182,161,179,157,45,176,72,42,45,176,149,45,156,162,180,169,44,190,67,185,176,161,188,156,168,168,154,5,90,153,160,185,172,186,88,78,175,180,160,164,185,181,179,141,163,177,72,177,155,64,172,190,153,80,0,160,180,166,162,43,162,168,48,190,182,185,168,188,183,44,171,161,181,164,165,180,187,43,183,162,68,176,158,74,44,165,166,132,185,42,160,184,0,180,169,0
MZ515790.1,834,192,10,191,207,204,107,210,195,11,101,188,212,185,116,11,200,202,161,200,193,187,116,200,204,10,203,156,190,187,203,111,185,203,183,189,11,197,200,14,203,209,43,0,203,116,204,206,149,188,191,192,197,198,215,205,185,192,183,202,205,196,204,183,203,184,10,201,97,3,14,203,175,10,183,187,207,194,9,213,96,207,201,187,211,183,193,195,181,44,117,180,187,207,197,208,112,107,198,202,185,190,210,203,204,164,190,200,97,200,177,89,196,213,179,109,43,184,202,192,189,0,188,191,14,213,204,210,195,211,204,9,195,188,203,190,190,202,212,8,205,189,91,201,185,101,10,192,191,154,207,3,184,209,42,207,196,43
MZ515801.1,835,181,205,153,12,192,189,200,185,206,189,178,204,177,198,206,190,3,130,190,183,176,198,190,5,205,4,142,153,156,10,191,173,10,170,179,200,160,9,207,2,197,181,203,0,198,11,195,140,178,154,157,167,161,173,6,177,181,169,9,193,184,3,50,189,172,205,157,200,202,197,195,135,205,175,153,169,188,204,173,169,12,189,168,171,147,156,185,177,184,199,168,173,12,167,9,207,189,3,9,149,180,200,10,192,160,153,190,200,190,142,191,167,171,175,193,181,149,9,156,179,203,178,157,206,173,5,200,185,171,10,204,166,178,10,180,180,9,202,203,6,153,195,157,177,189,204,181,154,154,12,202,145,197,181,169,159,181
MZ515803.1,831,185,118,184,202,196,102,202,189,119,88,181,202,181,0,119,198,197,149,198,188,181,0,198,199,118,198,143,183,178,198,107,181,198,172,182,117,190,190,122,198,201,89,116,198,0,199,200,138,180,184,187,193,191,208,200,181,186,165,197,197,193,199,180,192,180,118,192,109,114,112,199,161,118,179,180,200,189,117,206,88,202,196,178,204,173,186,189,176,92,1,176,182,202,193,203,117,101,189,197,180,182,202,198,196,151,183,198,109,198,173,98,193,206,175,106,89,180,197,186,182,116,180,186,121,206,199,202,189,204,200,117,192,181,198,182,187,197,204,116,200,182,105,192,181,88,117,186,184,157,202,115,178,201,89,200,189,89
MZ515821.1,833,182,206,152,9,192,190,200,184,207,190,179,201,176,199,207,189,10,128,189,182,177,199,189,12,206,11,141,152,155,5,192,174,5,171,180,200,159,4,208,9,197,182,204,11,199,0,194,139,179,153,156,166,160,174,13,176,182,168,10,193,183,12,53,189,173,206,158,201,203,198,193,136,206,174,151,168,187,205,172,170,9,190,169,170,146,155,184,176,185,200,167,174,9,166,16,208,190,10,4,150,181,200,5,192,158,152,189,201,189,141,192,166,172,174,194,182,150,4,155,180,204,179,156,207,172,12,200,184,170,17,205,165,179,5,181,181,4,202,204,13,152,196,158,176,190,205,182,153,153,9,203,146,197,182,168,158,182
MZ515825.1,818,177,208,182,197,136,193,144,182,209,186,168,200,166,200,207,192,194,138,192,182,170,200,192,196,208,195,143,178,165,193,195,164,193,160,169,203,185,188,210,195,141,179,206,195,200,194,0,131,170,179,184,179,186,205,197,166,176,120,194,137,186,196,197,137,163,208,189,200,204,202,190,163,208,164,167,191,178,207,199,170,197,181,172,197,172,185,182,171,182,201,172,165,197,179,198,209,192,185,192,177,172,144,193,136,149,178,192,200,192,172,187,179,203,169,197,179,177,192,181,169,206,170,184,209,199,196,144,182,197,199,207,178,168,193,172,175,192,146,206,197,178,196,189,166,186,207,176,183,158,197,205,177,141,179,191,184,179
MZ515826.1,623,89,149,130,142,137,130,144,125,152,126,112,143,1,138,151,126,140,108,126,125,87,138,126,141,149,141,102,132,117,138,132,69,138,113,114,145,135,132,149,140,142,125,149,140,138,139,131,0,115,131,132,121,137,141,143,1,89,131,138,138,123,141,134,140,69,149,136,133,148,141,125,119,150,5,116,141,126,149,151,124,142,121,120,149,124,132,125,122,129,139,118,69,142,121,145,153,130,137,138,122,116,144,139,137,113,132,126,133,126,115,132,121,139,122,134,125,122,138,133,114,149,115,132,150,151,141,144,125,149,140,149,120,112,138,116,115,138,145,149,143,130,132,136,1,126,149,89,130,107,142,148,121,142,125,141,134,125
MZ515828.1,816,153,188,165,180,172,176,180,164,191,166,8,186,142,180,191,173,177,132,173,164,144,180,173,179,188,178,131,164,155,178,176,145,178,10,9,186,169,170,192,178,176,162,188,178,180,179,170,115,0,163,168,169,170,181,180,142,152,156,177,173,167,179,176,168,144,188,169,181,186,182,176,142,190,141,157,179,50,189,187,161,180,57,154,185,156,167,164,155,165,181,152,146,180,169,183,190,176,172,177,157,2,180,178,172,41,164,173,181,173,152,170,169,179,154,180,162,157,177,165,9,188,0,167,191,187,179,180,164,185,180,187,168,8,178,2,26,177,182,188,180,161,176,169,142,166,189,152,165,133,180,187,155,176,162,179,168,162
MZ515833.1,821,170,193,20,156,181,182,189,169,194,174,161,187,162,184,194,179,153,118,179,169,164,184,179,155,193,154,130,38,140,152,182,160,152,153,162,192,10,146,197,154,186,164,191,154,184,153,179,131,163,0,23,150,17,147,156,162,170,159,153,182,175,155,160,178,159,193,110,183,189,189,176,94,193,160,139,53,172,192,130,160,156,178,150,128,7,22,169,160,167,185,154,160,156,150,159,196,182,148,151,96,165,189,152,181,138,38,179,183,179,107,176,150,145,159,186,164,96,151,7,162,191,163,23,196,130,155,189,169,128,158,192,149,161,152,165,169,151,191,191,156,3,179,110,162,174,192,170,20,142,156,190,92,186,164,53,9,164
MZ515835.1,823,174,194,3,159,186,187,194,176,195,179,166,190,165,187,195,184,156,122,184,176,168,187,184,158,194,157,132,43,145,155,187,163,155,157,167,193,29,148,198,157,191,169,192,157,187,156,184,132,168,23,0,155,30,150,159,165,174,162,156,187,180,158,163,183,162,194,114,188,190,188,181,99,194,163,143,60,177,193,137,165,159,181,153,135,25,5,176,167,172,188,161,163,159,155,162,196,187,149,154,100,170,194,155,186,140,43,184,188,184,112,181,155,148,166,191,169,100,154,26,167,192,168,0,197,137,158,194,176,135,161,193,154,166,155,170,172,154,196,192,159,22,184,114,165,179,193,174,3,147,159,191,96,191,169,60,28,169
MZ515840.1,813,168,199,152,169,183,183,191,168,198,178,165,192,158,193,196,180,166,0,180,167,164,193,180,168,199,167,126,149,5,165,187,160,165,162,168,188,156,156,197,167,188,172,197,167,193,166,179,121,169,150,155,0,157,173,169,158,170,158,166,184,175,168,173,178,161,199,158,190,195,180,180,131,199,156,5,163,177,196,168,162,169,180,159,166,143,154,168,166,175,194,160,160,169,0,172,204,183,158,163,146,171,191,165,183,143,149,180,190,180,137,182,0,171,165,187,172,146,164,152,168,197,169,155,196,168,168,191,168,166,171,196,3,165,165,171,176,164,193,197,169,149,186,158,158,178,196,170,152,134,169,196,142,188,172,163,155,172
MZ515841.1,825,177,200,27,163,188,187,196,176,201,181,168,194,169,191,201,186,160,125,186,175,171,191,186,162,200,161,135,45,147,159,189,167,159,160,169,199,23,153,204,161,193,171,198,161,191,160,186,137,170,17,30,157,0,154,163,169,177,165,160,189,182,162,167,185,166,200,117,190,196,196,180,100,200,167,146,60,179,199,137,163,163,185,157,135,19,29,176,167,174,192,161,167,163,157,166,203,187,155,158,103,172,196,159,188,142,45,186,190,186,114,183,157,152,166,191,171,103,158,20,169,198,170,30,203,137,162,196,176,135,165,199,156,168,159,172,175,158,198,198,163,16,186,117,169,181,199,177,27,149,163,197,99,193,171,60,22,171
MZ515852.1,839,190,217,146,175,204,206,212,191,218,198,179,206,181,208,216,196,172,134,196,190,185,208,196,174,217,173,141,146,156,173,207,179,173,171,180,213,153,168,219,173,209,192,215,173,208,174,205,141,181,147,150,173,154,0,175,181,191,186,172,205,190,174,183,197,178,217,151,209,213,205,202,127,217,179,159,163,191,216,167,178,175,192,171,165,137,149,191,183,195,209,176,178,175,173,178,220,206,166,172,138,181,212,173,204,155,146,196,209,196,134,202,173,0,180,210,192,138,172,149,180,215,181,150,218,167,174,212,191,165,177,216,172,179,173,181,178,172,214,215,175,146,208,151,181,198,216,191,147,159,175,214,134,209,192,163,152,192
MZ515859.1,837,183,207,155,14,195,191,203,187,208,191,180,206,179,200,208,192,5,131,192,185,178,200,192,7,207,6,143,155,158,12,193,175,12,172,181,202,162,11,209,6,200,183,205,6,200,13,197,143,180,156,159,169,163,175,0,179,183,172,11,196,186,7,52,192,174,207,159,202,204,199,197,137,207,177,155,171,190,206,175,170,14,191,170,173,149,158,187,179,186,201,170,175,14,169,11,209,191,5,11,151,182,203,12,195,161,155,192,202,192,142,193,169,173,177,195,183,151,11,158,181,205,180,159,208,175,7,203,187,173,12,206,168,180,12,182,180,11,205,205,0,155,197,159,179,191,206,183,156,156,14,204,147,200,183,171,161,183
MZ515862.1,818,119,185,162,179,167,169,175,161,188,164,141,183,0,181,188,166,176,125,166,160,112,181,166,178,185,177,118,161,146,175,170,84,175,137,142,181,168,167,187,177,172,158,185,177,181,176,166,1,142,162,165,158,169,181,179,0,118,152,176,168,161,178,173,159,85,185,168,179,183,176,167,135,187,4,146,172,152,186,184,149,179,152,153,182,150,164,161,154,161,182,151,84,179,158,182,190,169,169,174,156,144,175,175,167,130,161,166,179,166,149,168,158,179,153,173,158,156,174,164,142,185,142,164,186,184,178,175,161,182,179,186,157,141,175,144,149,174,177,185,179,160,172,168,0,164,186,118,162,133,179,184,154,172,158,172,167,158
MZ515866.1,835,1,193,171,183,176,179,184,170,195,175,150,190,118,186,195,177,180,122,177,169,0,186,177,182,193,181,126,167,155,181,175,117,181,144,151,188,174,173,198,181,181,165,192,181,186,182,176,89,152,170,174,170,177,191,183,118,0,155,180,177,171,182,177,169,118,193,175,186,190,183,178,144,194,116,158,182,158,193,190,153,183,167,158,188,157,173,170,158,168,187,154,116,183,170,186,196,179,173,180,161,154,184,181,176,132,167,177,186,177,157,173,170,189,157,181,165,161,180,172,151,192,152,173,197,190,182,184,170,188,183,193,169,150,181,154,160,180,186,192,183,168,181,175,118,175,193,0,171,138,183,191,159,181,165,182,173,165
MZ515875.1,675,156,184,158,170,12,168,4,159,186,161,154,175,152,165,184,165,169,126,165,157,150,165,165,170,184,170,136,158,152,168,170,151,168,150,156,183,163,164,187,170,15,158,183,169,165,168,120,131,156,159,162,158,165,186,172,152,155,0,168,12,162,171,169,15,150,184,163,166,182,177,172,142,184,150,150,172,165,184,170,151,170,162,155,169,154,161,159,155,161,166,151,150,171,158,175,183,167,162,167,151,158,4,167,12,144,158,165,166,165,148,164,158,184,154,169,158,151,166,162,156,183,156,161,184,170,171,4,159,169,172,184,157,154,168,158,152,166,0,182,172,157,163,163,152,161,183,155,159,137,170,182,149,15,158,172,162,158
MZ515877.1,834,180,204,152,11,192,188,200,184,205,188,177,203,176,197,205,189,8,129,189,182,175,197,189,10,204,9,140,152,154,9,190,172,9,169,178,199,159,7,206,9,197,180,202,9,197,10,194,138,177,153,156,166,160,172,11,176,180,168,0,193,183,10,53,188,171,204,156,199,201,194,195,133,204,174,150,168,187,203,172,168,11,188,167,170,146,155,184,176,183,198,167,172,11,166,14,206,188,8,8,148,179,200,9,192,158,152,189,199,189,141,190,166,170,174,192,180,148,8,155,178,202,177,156,205,172,10,200,184,170,15,203,165,177,9,179,179,8,202,202,11,152,194,156,176,188,203,180,153,153,11,201,144,197,180,168,158,180
MZ515884.1,819,178,207,183,196,3,192,11,181,208,186,171,197,168,197,206,193,193,140,193,178,171,197,193,195,207,194,140,181,170,192,194,167,192,161,172,203,188,187,209,194,8,180,205,193,197,193,137,138,173,182,187,184,189,205,196,168,177,12,193,0,189,195,194,8,166,207,186,197,203,192,191,162,207,166,170,196,182,206,198,168,196,186,171,196,173,186,181,172,183,198,173,168,196,184,199,206,191,183,191,176,175,11,192,3,154,181,193,197,193,169,184,184,203,171,196,180,176,191,184,172,205,173,186,206,198,195,11,181,196,196,206,183,171,192,175,176,191,13,205,196,180,196,186,168,186,206,177,184,153,196,204,174,8,180,196,187,180
MZ515888.1,807,171,197,177,184,188,182,196,151,199,177,166,176,161,193,199,0,183,138,0,150,166,193,0,185,197,184,0,174,161,182,184,163,182,159,167,193,181,175,200,184,193,172,196,184,193,183,186,123,167,175,180,175,182,190,186,161,171,162,183,189,0,185,182,182,162,197,171,194,193,189,150,144,198,159,163,189,179,197,193,158,184,179,165,191,161,179,151,146,175,194,140,165,184,175,188,205,181,177,181,161,169,196,182,186,146,174,0,194,0,158,182,175,188,145,186,172,161,181,177,167,196,167,179,199,193,185,196,151,191,186,197,174,166,182,169,175,181,198,194,186,173,185,171,161,177,197,171,177,149,184,195,159,193,172,189,180,172
MZ515898.1,836,182,206,154,13,194,190,202,186,207,190,179,205,178,199,207,191,4,131,191,184,177,199,191,6,206,5,143,154,157,11,192,174,11,171,180,201,161,10,208,3,199,182,204,3,199,12,196,141,179,155,158,168,162,174,7,178,182,171,10,195,185,0,51,191,173,206,158,201,203,198,196,136,206,176,154,170,189,205,174,170,13,190,169,172,148,157,186,178,185,200,169,174,13,168,10,208,190,4,10,150,181,202,11,194,161,154,191,201,191,143,192,168,172,176,194,182,150,10,157,180,204,179,158,207,174,6,202,186,172,11,205,167,179,11,181,181,10,204,204,7,154,196,158,178,190,205,182,155,155,13,203,146,199,182,170,160,182
MZ515901.1,832,177,185,159,56,193,161,201,187,186,169,174,203,173,180,186,188,49,133,188,185,172,180,188,51,185,50,140,159,161,52,151,173,52,165,175,181,166,49,189,50,198,161,183,50,180,53,197,134,176,160,163,173,167,183,52,173,177,169,53,194,182,51,0,190,172,185,169,180,182,180,195,142,185,171,160,173,180,184,181,145,56,185,170,179,150,162,187,177,164,181,172,174,56,173,55,187,161,47,51,159,178,201,52,193,156,159,188,180,188,150,171,173,181,175,165,161,159,51,162,175,183,176,162,188,181,51,201,187,179,54,184,172,174,52,178,176,51,203,183,52,158,175,169,173,169,184,177,160,153,56,182,154,198,161,173,165,161
MZ515906.1,759,170,205,180,191,7,190,13,175,206,183,166,190,159,192,204,185,189,141,185,175,166,192,185,191,205,190,142,177,167,188,191,164,188,157,167,202,183,184,206,190,0,179,203,189,192,189,137,140,168,178,183,178,185,197,192,159,169,15,188,8,182,191,190,0,163,205,181,190,201,195,182,160,205,157,170,189,178,204,195,169,191,179,167,193,170,182,175,166,182,193,164,164,191,178,195,201,190,183,187,170,170,13,187,7,155,177,185,190,185,162,183,178,195,165,192,179,170,186,180,167,203,168,182,204,195,191,13,175,193,192,204,177,166,188,170,171,186,15,203,192,176,190,181,159,183,203,169,180,149,191,202,169,0,179,189,182,179
MZ515913.1,818,119,184,159,174,165,166,173,154,187,165,142,184,85,180,187,169,171,127,169,154,113,180,169,173,184,172,123,158,150,172,165,3,172,138,143,185,165,166,190,172,170,157,184,172,180,173,163,69,144,159,162,161,166,178,174,85,118,150,171,166,162,173,172,163,0,184,165,178,182,183,166,132,186,83,151,169,155,185,181,147,174,155,148,179,149,161,154,148,160,181,146,5,174,161,177,189,166,166,171,151,146,173,172,165,131,158,169,178,169,144,167,161,176,147,170,157,151,171,161,143,184,144,162,189,181,173,173,154,179,176,185,160,142,172,146,148,171,175,184,174,158,173,165,85,165,185,118,159,132,174,183,149,170,157,169,164,157
MZ515931.1,836,193,0,193,209,206,109,212,197,13,103,188,214,185,118,13,202,204,161,202,195,188,118,202,206,0,205,159,192,188,205,111,185,205,183,189,11,199,202,14,205,211,45,10,205,118,206,208,149,188,193,194,199,200,217,207,185,193,184,204,207,197,206,185,205,184,0,203,99,9,14,205,177,10,183,188,209,194,11,215,97,209,201,189,213,184,195,197,183,46,119,182,187,209,199,210,114,109,200,204,187,190,212,205,206,163,192,202,99,202,179,91,198,215,181,111,45,186,204,194,189,10,188,193,14,215,206,212,197,213,206,11,197,188,205,190,189,204,214,8,207,191,93,203,185,103,12,193,193,156,209,9,186,211,44,209,198,45
MZ515939.1,827,174,203,111,159,185,192,192,173,204,186,167,197,168,192,202,175,156,121,175,171,170,192,175,158,203,157,128,110,145,157,192,166,157,157,168,200,116,154,205,157,190,176,201,157,192,158,189,136,169,110,114,158,117,151,159,168,175,163,156,186,171,158,169,181,165,203,0,191,199,194,185,106,203,166,145,127,178,202,140,169,159,182,158,138,106,113,173,168,179,193,160,167,159,158,162,206,192,148,156,54,171,192,157,185,146,110,175,191,175,113,188,158,149,166,196,176,54,156,112,168,201,169,114,204,140,158,192,173,138,161,202,157,167,157,171,173,156,194,201,159,109,194,0,168,186,202,175,111,145,159,200,50,190,176,127,115,176
MZ515945.1,834,185,99,184,204,196,102,200,189,100,96,178,204,179,109,100,198,199,144,198,187,178,109,198,201,99,200,147,182,174,200,106,179,200,170,181,96,189,191,103,200,201,72,97,200,109,201,200,133,181,183,188,190,190,209,202,179,186,166,199,197,194,201,180,190,178,99,191,0,96,92,195,166,99,177,176,199,187,98,204,86,204,195,176,202,174,187,189,174,73,110,174,180,204,190,205,108,102,187,199,181,183,200,200,196,151,182,198,0,198,174,84,190,207,172,106,72,181,199,185,181,97,181,187,100,204,201,200,189,202,202,98,189,178,200,183,183,199,202,97,202,181,92,191,179,96,98,186,185,149,204,96,179,201,72,199,188,72
MZ515957.1,830,190,9,189,206,202,104,208,193,10,100,186,210,183,114,10,197,201,160,197,191,185,114,197,203,9,202,155,188,186,202,109,183,202,182,187,10,195,199,13,202,207,42,3,202,114,203,204,148,186,189,190,195,196,213,204,183,190,182,201,203,193,203,182,201,182,9,199,96,0,13,201,173,9,181,186,205,193,8,211,95,206,199,185,209,181,191,193,179,43,115,178,185,206,195,207,111,104,197,201,183,188,208,202,202,164,188,197,96,197,175,88,194,211,177,106,42,182,201,190,187,3,186,189,13,211,203,208,193,209,203,8,193,186,202,188,188,201,210,7,204,187,90,199,183,100,9,190,189,152,206,0,182,207,41,205,194,42
MZ515960.1,764,184,14,187,201,192,103,197,184,17,101,182,200,176,112,17,191,196,155,191,184,181,112,191,198,14,196,157,188,176,196,111,184,196,180,183,5,194,196,4,197,197,45,14,197,112,198,202,141,182,189,188,180,196,205,199,176,183,177,194,192,189,198,180,195,183,14,194,92,13,0,198,171,14,174,177,201,189,14,207,96,201,193,183,205,183,189,184,177,47,113,175,184,200,180,202,112,103,194,196,184,184,197,197,192,161,188,191,92,191,174,90,179,203,175,101,45,183,196,190,183,14,182,187,10,207,198,197,184,205,197,15,179,182,196,184,184,196,198,12,199,187,90,194,176,101,15,183,187,150,201,13,183,197,44,201,193,45
MZ515967.1,825,177,205,178,196,190,188,196,149,206,182,174,176,167,199,206,155,194,141,155,149,169,199,155,196,205,195,117,177,166,192,191,167,192,169,175,200,182,187,207,195,195,176,203,195,199,193,190,125,176,176,181,180,180,202,197,167,178,172,195,191,150,196,195,182,166,205,185,195,201,198,0,154,205,167,167,190,184,204,197,165,196,189,172,195,168,180,149,144,179,200,140,169,196,180,200,209,187,187,191,169,178,196,192,190,155,177,155,195,155,164,186,180,200,143,192,176,169,191,179,175,203,176,180,206,197,196,196,149,195,196,204,179,174,192,178,186,191,198,203,197,174,188,185,167,182,204,178,178,150,196,202,167,195,176,190,181,176
MZ515968.1,739,144,177,96,137,161,159,169,144,178,154,139,160,135,161,178,147,134,108,147,144,141,161,147,135,177,135,115,97,124,135,163,133,135,136,140,175,98,129,178,135,166,149,175,135,161,136,163,119,142,94,99,131,100,127,137,135,144,142,133,162,144,136,142,160,132,177,106,166,173,171,154,0,177,133,128,106,151,175,111,142,137,150,129,109,89,98,144,137,152,162,131,133,136,131,140,174,159,131,134,92,144,169,135,161,131,97,147,166,147,92,157,131,125,136,160,149,92,134,96,140,175,142,99,178,111,136,169,144,109,139,176,130,139,135,144,148,134,170,174,137,93,153,106,135,154,176,144,96,124,137,174,90,166,149,106,97,149
MZ515971.1,836,194,10,193,209,206,109,212,197,13,103,190,214,187,118,13,202,204,161,202,195,189,118,202,206,10,205,160,192,189,205,113,187,205,185,191,11,199,202,14,205,211,45,10,205,118,206,208,150,190,193,194,199,200,217,207,187,194,184,204,207,198,206,185,205,186,10,203,99,9,14,205,177,0,185,189,209,195,11,215,98,209,203,189,213,185,195,197,183,46,119,182,189,209,199,210,114,109,200,204,187,192,212,205,206,166,192,202,99,202,179,91,198,215,181,111,45,186,204,194,191,10,190,193,14,215,206,212,197,213,206,11,197,190,205,192,191,204,214,8,207,191,93,203,187,103,12,194,193,156,209,9,186,211,44,209,198,45
MZ515973.1,814,117,183,160,177,165,167,173,159,186,162,139,181,4,179,186,164,174,123,164,158,110,179,164,176,183,175,116,159,144,173,168,82,173,135,140,179,166,165,185,175,170,156,183,175,179,174,164,5,141,160,163,156,167,179,177,4,116,150,174,166,159,176,171,157,83,183,166,177,181,174,167,133,185,0,144,170,150,184,182,147,177,150,149,180,148,162,159,152,159,180,149,82,177,156,180,188,167,167,172,154,143,173,173,165,128,159,164,177,164,147,166,156,177,151,171,156,154,172,162,140,183,141,162,184,182,176,173,159,180,177,184,155,139,173,143,148,172,175,183,177,158,170,166,4,162,184,116,160,131,177,182,152,170,156,170,165,156
MZ515983.1,751,157,188,140,155,169,172,176,155,188,167,154,176,146,180,186,166,152,3,166,156,154,180,166,153,188,153,121,138,0,150,176,150,150,153,157,180,144,145,187,152,174,162,187,153,180,151,167,116,157,139,143,5,146,159,155,146,158,150,150,170,163,154,160,170,151,188,145,176,186,177,167,128,189,144,0,147,165,186,159,155,155,167,147,157,134,142,155,153,166,181,145,149,155,5,157,192,172,146,150,135,159,176,151,169,136,138,166,176,166,127,171,5,157,153,174,162,135,150,141,157,187,157,143,187,159,154,176,155,157,156,186,5,154,150,159,166,150,178,187,155,138,172,145,146,167,186,158,140,122,155,186,131,174,162,147,144,162
MZ515985.1,831,182,209,57,171,195,196,203,183,210,188,177,203,172,200,210,193,168,124,193,182,175,200,193,170,209,169,137,49,147,167,197,170,167,166,178,207,59,161,213,169,200,180,207,169,200,168,191,141,179,53,60,163,60,163,171,172,182,172,168,196,189,170,173,189,169,209,127,199,205,201,190,106,209,170,147,0,186,208,146,171,171,191,164,144,53,59,183,170,183,201,170,169,171,163,174,210,196,162,166,113,181,203,167,195,148,49,193,199,193,123,192,163,161,167,200,180,113,166,56,178,207,179,60,212,146,170,203,183,144,173,208,162,177,167,181,182,166,205,207,171,52,195,127,172,188,208,182,57,154,171,206,109,200,180,0,58,180
MZ516005.1,816,159,194,174,188,181,183,189,174,197,173,48,196,152,189,197,184,187,142,184,174,152,189,183,189,194,188,141,171,162,186,183,156,186,48,49,193,178,178,198,188,185,169,194,188,189,187,178,126,50,172,177,177,179,191,190,152,158,165,187,182,179,189,180,178,155,194,178,187,193,189,184,151,195,150,165,186,0,195,197,168,188,68,161,195,166,176,174,161,172,190,161,158,190,177,193,197,183,183,185,168,52,189,185,181,0,171,184,187,184,161,177,177,189,160,187,169,168,184,174,49,194,50,176,197,197,189,189,174,195,190,193,176,48,186,52,61,184,191,194,190,170,181,178,152,173,195,158,174,143,188,193,166,185,169,186,177,169
MZ516024.1,833,193,11,192,208,205,108,211,194,6,102,189,213,186,117,8,201,203,159,201,192,188,117,201,205,11,204,158,191,185,204,112,186,204,184,190,12,198,201,15,204,210,44,9,204,117,205,207,149,189,192,193,196,199,216,206,186,193,184,203,206,197,205,184,204,185,11,202,98,8,14,204,175,11,184,186,208,195,0,214,96,208,202,188,212,183,194,194,182,45,118,181,187,208,196,209,113,108,199,203,186,191,211,204,205,164,191,201,98,201,178,90,195,214,180,110,44,185,203,193,190,9,189,192,15,214,205,211,194,212,205,2,194,189,204,191,191,203,213,9,206,190,92,202,186,102,5,193,192,154,208,8,185,210,43,208,197,44
MZ516026.1,835,190,215,133,175,197,204,205,188,216,194,185,206,184,206,214,197,172,130,197,188,183,206,197,174,215,173,151,131,152,171,206,182,171,177,186,213,136,165,219,173,202,190,213,173,206,172,199,151,187,130,137,168,137,167,175,184,190,170,172,198,193,174,181,195,181,215,140,204,211,207,197,111,215,182,159,146,197,214,0,181,175,201,173,2,125,136,188,180,193,207,173,183,175,168,178,220,202,165,170,130,189,205,171,197,164,131,197,204,197,123,200,168,165,179,208,190,130,170,132,186,213,187,137,218,0,174,205,188,2,177,214,167,185,171,189,188,170,207,213,175,129,204,140,184,194,214,190,134,160,175,212,126,202,190,146,135,190
MZ516035.1,713,153,97,161,172,167,0,173,162,99,75,160,172,149,88,99,161,168,131,161,161,148,88,161,170,97,168,131,156,158,168,40,148,168,155,160,95,164,165,99,169,172,67,96,169,88,170,170,124,161,160,165,162,163,178,170,149,153,151,168,168,158,170,145,169,147,97,169,86,95,96,165,142,98,147,155,171,168,96,181,0,172,170,150,179,159,164,162,154,69,89,146,150,172,162,173,94,0,163,168,155,163,173,168,167,144,156,161,86,161,147,76,162,176,153,8,67,155,167,162,160,96,161,164,99,181,170,173,162,179,171,97,161,160,168,163,154,167,174,96,170,158,84,169,149,75,97,153,162,132,172,95,154,172,67,171,163,67
MZ516038.1,837,183,209,155,0,195,193,203,185,210,193,180,204,179,202,210,190,11,132,190,183,178,202,190,13,209,12,141,155,158,8,195,175,8,172,181,204,162,7,211,12,200,185,207,12,202,9,197,142,180,156,159,169,163,175,14,179,183,170,11,196,184,13,56,191,174,209,159,204,206,201,196,137,209,177,155,171,188,208,175,172,0,191,170,173,149,158,185,177,188,203,168,175,8,169,17,211,193,11,7,151,182,203,8,195,158,155,190,204,190,144,195,169,173,175,197,185,151,7,158,181,207,180,159,210,175,13,203,185,173,18,208,168,180,8,182,183,7,205,207,14,155,199,159,179,193,208,183,156,156,0,206,147,200,185,171,161,185
MZ516039.1,831,168,201,178,191,185,190,193,178,204,180,55,201,152,196,204,185,188,141,185,178,159,196,185,190,201,189,137,177,165,189,190,156,189,55,56,199,184,181,205,189,189,176,201,189,196,190,181,121,57,178,181,180,185,192,191,152,167,162,188,186,179,190,185,179,155,201,182,195,199,193,189,150,203,150,167,191,68,202,201,170,191,0,165,199,170,180,178,167,179,195,165,158,191,180,194,201,190,182,188,170,59,193,189,185,58,177,185,195,185,165,184,180,190,166,194,176,170,188,180,56,201,57,180,204,201,190,193,178,199,191,200,179,55,189,59,70,188,195,201,191,176,188,182,152,180,202,167,178,147,191,200,168,189,176,191,183,176
MZ516043.1,825,158,189,150,170,170,169,178,159,190,165,150,174,153,178,190,171,167,121,171,159,153,178,171,169,189,168,127,149,151,168,173,149,168,147,153,184,156,163,191,168,175,161,187,168,178,169,172,120,154,150,153,159,157,171,170,153,158,155,167,171,165,169,170,167,148,189,158,176,185,183,172,129,189,149,147,164,161,188,173,150,170,165,0,171,141,152,159,152,164,179,146,151,170,159,173,189,169,161,167,144,156,178,168,170,142,149,171,176,171,140,169,159,169,149,175,161,144,167,152,153,187,154,153,190,173,169,178,159,171,172,188,158,150,168,156,156,167,180,187,170,149,177,158,153,165,188,158,150,132,170,186,142,175,161,164,155,161
MZ516044.1,833,188,213,131,173,195,202,203,186,214,192,183,204,182,204,212,195,170,128,195,186,181,204,195,172,213,171,149,129,150,169,204,180,169,175,184,211,134,163,217,171,200,188,211,171,204,170,197,149,185,128,135,166,135,165,173,182,188,169,170,196,191,172,179,193,179,213,138,202,209,205,195,109,213,180,157,144,195,212,2,179,173,199,171,0,123,134,186,178,191,205,171,181,173,166,176,218,200,163,168,128,187,203,169,195,162,129,195,202,195,121,198,166,163,177,206,188,128,168,130,184,211,185,135,216,2,172,203,186,0,175,212,165,183,169,187,186,168,205,211,173,127,202,138,182,192,212,188,132,158,173,210,124,200,188,144,133,188
MZ516048.1,772,157,184,22,149,172,174,179,163,186,168,153,178,150,173,186,165,146,114,165,163,151,173,165,148,184,147,127,40,138,145,176,150,145,149,155,185,11,140,189,147,176,156,183,147,173,146,172,124,156,7,25,143,19,137,149,150,157,154,146,173,161,148,150,170,149,184,106,174,181,183,168,89,185,148,134,53,166,183,125,159,149,170,141,123,0,24,163,153,160,174,146,152,148,143,152,188,174,143,144,91,158,179,145,172,137,40,165,174,165,102,170,143,135,152,178,156,91,144,0,155,183,156,25,189,125,148,179,163,123,151,184,142,153,145,158,162,144,180,183,149,6,170,106,150,168,185,157,22,137,149,182,87,176,156,53,10,156
MZ516053.1,823,173,195,2,158,185,186,193,175,196,178,165,189,164,186,196,183,155,121,183,175,167,186,183,157,195,156,131,42,144,154,186,162,154,156,166,194,28,147,199,156,190,168,193,156,186,155,185,132,167,22,5,154,29,149,158,164,173,161,155,186,179,157,162,182,161,195,113,187,191,189,180,98,195,162,142,59,176,194,136,164,158,180,152,134,24,0,175,166,171,187,160,162,158,154,161,196,186,148,153,99,169,193,154,185,140,42,183,187,183,111,180,154,147,165,190,168,99,153,25,166,193,167,5,198,136,157,193,175,134,160,194,153,165,154,169,171,153,195,193,158,21,183,113,164,178,194,173,2,146,158,192,95,190,168,59,27,168
MZ516055.1,815,170,197,173,185,180,184,188,0,198,176,163,166,161,189,198,154,184,131,154,1,161,189,154,186,197,185,117,170,157,183,186,155,183,158,164,191,175,174,197,185,185,168,195,185,189,184,182,125,164,169,176,168,176,191,187,161,170,159,184,181,151,186,187,175,154,197,173,189,193,184,149,144,197,159,155,183,174,194,188,162,185,178,159,186,163,175,0,138,171,190,133,157,185,168,190,200,183,179,182,161,166,188,181,180,144,170,154,189,154,157,180,168,189,137,188,168,161,180,171,164,195,164,176,196,188,186,188,0,186,189,194,167,163,183,166,175,180,190,195,187,168,182,173,161,176,196,170,173,146,185,194,159,185,168,183,174,168
MZ516057.1,811,158,183,164,177,171,168,179,138,184,160,153,153,154,176,184,150,176,133,150,139,151,176,150,176,183,177,117,159,150,175,169,149,175,147,154,181,166,170,187,177,176,154,181,177,176,176,171,122,155,160,167,166,167,183,179,154,158,155,176,172,146,178,177,166,148,183,168,174,179,177,144,137,183,152,153,170,161,182,180,154,177,167,152,178,153,166,138,0,157,177,117,151,176,166,182,186,167,172,174,156,157,179,175,171,136,159,150,174,150,147,162,166,181,0,172,154,156,174,162,154,181,155,166,186,180,178,179,138,178,179,182,165,153,175,157,159,174,181,181,179,158,168,168,154,160,182,158,164,130,177,180,154,176,154,170,165,154
MZ516058.1,817,168,46,169,188,182,81,188,171,47,77,164,188,161,92,47,180,183,141,180,170,163,92,180,185,46,184,138,166,164,184,85,161,184,160,165,45,173,180,50,184,187,5,44,184,92,185,182,129,165,167,172,175,174,195,186,161,168,161,183,183,175,185,164,182,160,46,179,73,43,47,179,152,46,159,166,183,172,45,193,69,188,179,164,191,160,171,171,157,0,93,154,163,188,175,189,89,81,179,183,163,167,188,184,182,145,166,180,73,180,158,65,175,193,156,83,5,163,183,169,165,44,165,171,49,193,185,188,171,191,186,45,174,164,184,167,167,183,190,44,186,165,71,179,161,77,45,168,169,135,188,43,163,187,5,183,172,5
MZ516068.1,832,186,119,185,203,197,103,203,190,120,89,182,203,182,1,120,199,198,150,199,189,182,1,199,200,119,199,144,184,179,199,108,182,199,173,183,118,191,191,123,199,202,90,117,199,1,200,201,139,181,185,188,194,192,209,201,182,187,166,198,198,194,200,181,193,181,119,193,110,115,113,200,162,119,180,181,201,190,118,207,89,203,195,179,205,174,187,190,177,93,0,177,183,203,194,204,118,102,190,198,181,183,203,199,197,152,184,199,110,199,174,99,194,207,176,107,90,181,198,187,183,117,181,187,122,207,200,203,190,205,201,118,193,182,199,183,188,198,205,117,201,183,106,193,182,89,118,187,185,158,203,116,179,202,90,201,190,90
MZ516077.1,812,153,182,158,168,172,167,180,133,183,161,150,140,151,176,183,145,167,121,145,134,142,176,145,169,182,168,105,155,144,166,168,147,166,139,151,177,158,158,186,168,177,153,180,168,176,167,172,118,152,154,161,160,161,176,170,151,154,151,167,173,140,169,172,164,146,182,160,174,178,175,140,131,182,149,145,170,161,181,173,146,168,165,146,171,146,160,133,117,154,177,0,148,168,160,173,189,166,160,165,144,154,180,166,172,127,155,145,174,145,140,165,160,174,115,171,153,144,165,156,151,180,152,161,185,173,169,180,133,171,172,181,159,150,166,154,157,165,182,180,170,153,169,160,151,161,181,154,158,126,168,179,144,177,153,170,157,153
MZ516078.1,812,117,187,160,175,167,167,175,157,190,168,144,186,84,182,190,172,172,128,172,156,110,182,172,174,187,173,124,159,147,173,168,4,173,140,145,187,166,166,193,173,172,160,187,173,182,174,165,69,146,160,163,160,167,178,175,84,116,150,172,168,165,174,174,164,5,187,167,180,185,184,169,133,189,82,149,169,158,187,183,150,175,158,151,181,152,162,157,151,163,183,148,0,175,160,178,192,167,165,172,153,148,175,173,167,133,159,172,180,172,145,169,160,176,150,171,160,153,172,162,145,187,146,163,192,183,174,175,157,181,177,188,159,144,173,148,150,172,176,187,175,159,176,167,84,168,188,116,160,135,175,186,151,172,160,169,165,160
MZ516080.1,834,183,209,155,8,195,193,203,185,210,193,180,204,179,202,210,190,11,129,190,182,178,202,190,13,209,12,140,155,158,8,195,175,8,172,181,203,162,6,211,12,200,185,207,12,202,9,197,142,180,156,159,169,163,175,14,179,183,171,11,196,184,13,56,191,174,209,159,204,206,200,196,136,209,177,155,171,190,208,175,172,8,191,170,173,148,158,185,176,188,203,168,175,0,169,17,211,193,9,7,151,182,203,8,195,161,155,190,204,190,144,195,169,173,174,197,185,151,7,158,181,207,180,159,210,175,13,203,185,173,18,208,168,180,8,182,181,7,205,207,14,155,199,159,179,193,208,183,156,156,8,206,147,200,185,171,161,185
MZ516087.1,813,168,199,152,169,183,183,191,168,198,178,165,192,158,193,196,180,166,0,180,167,164,193,180,168,199,167,126,149,5,165,187,160,165,162,168,188,156,156,197,167,188,172,197,167,193,166,179,121,169,150,155,0,157,173,169,158,170,158,166,184,175,168,173,178,161,199,158,190,195,180,180,131,199,156,5,163,177,196,168,162,169,180,159,166,143,154,168,166,175,194,160,160,169,0,172,204,183,158,163,146,171,191,165,183,143,149,180,190,180,137,182,0,171,165,187,172,146,164,152,168,197,169,155,196,168,168,191,168,166,171,196,3,165,165,171,176,164,193,197,169,149,186,158,158,178,196,170,152,134,169,196,142,188,172,163,155,172
MZ516088.1,840,186,210,158,17,198,194,206,190,211,194,183,209,182,203,211,193,8,133,193,188,181,203,192,10,210,9,144,158,160,15,196,178,15,174,184,205,165,14,212,9,203,186,208,9,203,16,198,145,183,159,162,172,166,178,11,182,186,175,14,199,188,10,55,195,177,210,162,205,207,202,200,140,210,180,157,174,193,209,178,173,17,194,173,176,152,161,190,182,189,204,173,178,17,172,0,212,194,8,14,154,185,206,15,198,163,158,193,205,193,147,196,172,176,180,198,186,154,14,161,184,208,183,162,211,178,10,206,190,176,15,209,171,183,15,185,182,14,208,208,11,158,200,162,182,194,209,186,159,159,17,207,150,203,186,174,164,186
MZ516090.1,846,196,114,194,211,205,112,211,200,115,106,189,211,190,117,115,209,206,165,209,198,189,117,209,208,114,207,162,195,193,207,116,190,207,183,190,113,202,203,118,207,210,88,112,207,117,208,209,153,190,196,196,204,203,220,209,190,196,183,206,206,205,208,187,201,189,114,206,108,111,112,209,174,114,188,192,210,197,113,220,94,211,201,189,218,188,196,200,186,89,118,189,192,211,204,212,0,112,200,206,192,192,211,207,205,168,195,209,108,209,183,94,204,218,184,116,88,192,206,198,190,112,190,195,117,220,208,211,200,218,209,113,203,189,207,192,192,206,213,112,209,194,101,206,190,106,111,196,194,163,211,111,190,210,88,210,201,88
MZ516097.1,826,179,109,183,193,190,0,196,183,110,86,175,193,169,101,110,186,188,138,186,180,174,101,186,190,109,189,143,179,171,189,46,167,189,167,176,105,186,186,110,189,195,78,107,189,101,190,192,130,176,182,187,183,187,206,191,169,179,167,188,191,181,190,161,190,166,109,192,102,104,103,187,159,109,167,172,196,183,108,202,0,193,190,169,200,174,186,183,167,81,102,166,167,193,183,194,112,0,181,188,178,178,196,189,190,152,179,186,102,186,167,88,183,204,166,8,78,178,188,184,176,107,176,186,110,202,190,196,183,200,190,108,183,175,189,178,179,188,198,107,191,180,96,192,169,86,108,179,184,148,193,106,176,195,78,196,185,78
MZ516099.1,791,174,200,146,11,183,181,190,179,201,182,172,196,169,189,201,183,2,127,183,178,169,189,183,4,200,3,140,147,149,8,183,167,8,166,173,197,153,8,201,3,188,175,198,3,189,10,185,137,172,148,149,158,155,166,5,169,173,162,8,183,177,4,47,183,166,200,148,187,197,194,187,131,200,167,146,162,183,199,165,163,11,182,161,163,143,148,179,172,179,190,160,165,9,158,8,200,181,0,8,140,174,190,9,183,155,147,183,187,183,135,186,158,164,170,183,175,140,8,150,173,198,172,149,201,165,4,190,179,163,8,199,157,172,8,174,170,8,192,198,5,147,189,148,169,182,199,173,146,146,11,197,136,188,175,162,152,175
MZ516103.1,832,180,204,150,7,190,188,198,182,205,188,177,199,174,197,205,187,8,127,187,180,175,197,187,10,204,9,139,150,152,3,190,172,3,169,178,199,157,2,206,9,195,180,202,9,197,4,192,138,177,151,154,163,158,172,11,174,180,167,8,191,181,10,51,187,171,204,156,199,201,196,191,134,204,172,150,166,185,203,170,168,7,188,167,168,144,153,182,174,183,198,165,172,7,163,14,206,188,8,0,148,179,198,3,190,157,150,187,199,187,139,190,163,170,172,192,180,148,2,153,178,202,177,154,205,170,10,198,182,168,15,203,162,177,3,179,180,2,200,202,11,150,194,156,174,188,203,180,151,151,7,201,144,195,180,166,156,180
MZ516108.1,816,160,187,97,151,175,178,183,161,188,172,155,183,156,180,188,165,148,113,165,160,156,180,165,150,187,149,123,96,132,149,178,152,149,147,156,186,102,144,191,149,180,160,185,149,180,150,177,122,157,96,100,146,103,138,151,156,161,151,148,176,161,150,159,170,151,187,54,181,183,184,169,92,187,154,135,113,168,186,130,155,151,170,144,128,91,99,161,156,163,181,144,153,151,146,154,192,178,140,148,0,159,183,149,175,138,96,165,181,165,99,174,146,136,153,182,160,0,148,98,156,185,157,100,190,130,150,183,161,128,153,186,145,155,149,159,163,148,185,185,151,95,178,54,156,172,186,161,97,132,151,184,8,180,160,113,101,160
MZ516110.1,818,155,190,167,182,174,178,182,166,193,168,10,188,144,182,193,175,179,134,175,166,146,182,175,181,190,180,133,166,157,180,178,147,180,12,11,188,171,172,194,180,178,164,190,180,182,181,172,116,2,165,170,171,172,181,182,144,154,158,179,175,169,181,178,170,146,190,171,183,188,184,178,144,192,143,159,181,52,191,189,163,182,59,156,187,158,169,166,157,167,183,154,148,182,171,185,192,178,174,179,159,0,182,180,174,42,166,175,183,175,154,172,171,179,156,182,164,159,179,167,11,190,2,169,193,189,181,182,166,187,182,189,170,10,180,0,27,179,184,190,182,163,178,171,144,168,191,154,167,135,182,189,157,178,164,181,170,164
MZ516118.1,822,185,212,190,203,10,197,0,188,213,191,178,204,175,202,211,200,200,146,200,185,178,202,200,202,212,201,147,188,177,199,199,174,199,167,179,208,195,195,214,201,13,185,210,200,202,200,144,144,180,189,194,191,196,212,203,175,184,4,200,11,196,202,201,13,173,212,192,200,208,197,196,169,212,173,176,203,189,211,205,173,203,193,178,203,179,193,188,179,188,203,180,175,203,191,206,211,196,190,198,183,182,0,199,10,161,188,200,200,200,176,189,191,210,178,201,185,183,198,191,179,210,180,193,211,205,202,0,188,203,203,211,190,178,199,182,182,198,4,210,203,187,201,192,175,191,211,184,191,158,203,209,181,13,185,203,194,185
MZ516132.1,833,181,205,151,8,191,189,199,181,206,189,178,200,175,198,206,188,9,128,188,179,176,198,188,11,205,10,139,151,154,4,191,173,4,170,179,200,158,1,207,10,196,181,203,10,198,5,193,139,178,152,155,165,159,173,12,175,181,167,9,192,182,11,52,187,172,205,157,200,202,197,192,135,205,173,151,167,185,204,171,168,8,189,168,169,145,154,181,175,184,199,166,173,8,165,15,207,189,9,3,149,180,199,0,191,157,151,188,200,188,140,191,165,171,173,193,181,149,1,154,179,203,178,155,206,171,11,199,181,169,16,204,164,178,4,180,181,0,201,203,12,151,195,157,175,189,204,181,152,152,8,202,145,196,181,167,157,181
MZ516134.1,816,177,206,182,195,2,191,10,180,207,185,170,196,167,196,205,190,192,139,190,177,170,196,190,194,206,193,138,180,169,191,193,166,191,160,171,202,187,187,208,193,7,179,204,192,196,192,136,137,172,181,186,183,188,204,195,167,176,12,192,3,186,194,193,7,165,206,185,196,202,192,190,161,206,165,169,195,181,205,197,167,195,185,170,195,172,185,180,171,182,197,172,167,195,183,198,205,190,183,190,175,174,10,191,0,154,180,190,196,190,168,183,183,202,170,195,179,175,190,183,171,204,172,185,205,197,194,10,180,195,195,205,182,170,191,174,175,190,12,204,195,179,195,185,167,185,205,176,183,152,195,203,173,7,179,195,186,179
MZ516138.1,645,132,163,138,158,154,152,161,144,167,142,40,161,130,151,167,147,159,125,147,144,127,151,147,160,163,160,126,139,137,157,154,132,157,40,41,164,142,152,168,160,158,141,164,160,151,158,149,113,41,138,140,143,142,155,161,130,132,144,158,154,146,161,156,155,131,163,146,151,164,161,155,131,166,128,136,148,0,164,164,144,158,58,142,162,137,140,144,136,145,152,127,133,161,143,163,168,152,155,157,138,42,161,157,154,0,139,147,151,147,129,148,143,153,135,154,141,138,156,140,41,164,41,139,168,164,161,161,144,162,160,163,143,40,157,42,54,156,162,165,161,136,146,146,130,142,164,132,138,121,158,164,136,158,141,148,141,141
PP376264.1,821,167,192,40,155,180,179,188,170,193,171,162,185,161,183,193,178,152,118,178,170,161,183,178,154,192,153,130,0,138,151,179,159,151,155,163,191,44,145,196,153,185,163,190,153,183,152,178,132,164,38,43,149,45,146,155,161,167,158,152,181,174,154,159,177,158,192,110,182,188,188,177,97,192,159,138,49,171,191,131,156,155,177,149,129,40,42,170,159,166,184,155,159,155,149,158,195,179,147,150,96,166,188,151,180,139,0,178,182,178,104,175,149,144,158,183,163,96,150,41,163,190,164,43,195,131,154,188,170,129,157,191,148,162,151,166,168,150,190,190,155,37,178,110,161,171,191,167,40,141,155,189,92,185,163,49,43,163
PP376268.1,826,177,202,181,190,192,187,200,154,203,181,171,181,166,198,203,0,189,140,0,153,170,198,0,191,202,190,0,178,164,188,189,170,188,164,172,197,185,181,204,190,197,177,200,190,198,189,192,126,173,179,184,180,186,196,192,166,177,165,189,193,0,191,188,185,169,202,175,198,197,191,155,147,202,164,166,193,184,201,197,161,190,185,171,195,165,183,154,150,180,199,145,172,190,180,193,209,186,183,187,165,175,200,188,190,147,178,0,198,0,163,187,180,194,149,191,177,165,187,181,172,200,173,183,203,197,191,200,154,195,192,201,179,171,188,175,180,187,202,198,192,177,189,175,166,181,201,177,181,153,190,199,163,197,177,193,184,177
PP376282.1,834,185,99,184,204,196,102,200,189,100,96,178,204,179,109,100,198,199,144,198,187,178,109,198,201,99,200,147,182,174,200,106,179,200,170,181,96,189,191,103,200,201,72,97,200,109,201,200,133,181,183,188,190,190,209,202,179,186,166,199,197,194,201,180,190,178,99,191,0,96,92,195,166,99,177,176,199,187,98,204,86,204,195,176,202,174,187,189,174,73,110,174,180,204,190,205,108,102,187,199,181,183,200,200,196,151,182,198,0,198,174,84,190,207,172,106,72,181,199,185,181,97,181,187,100,204,201,200,189,202,202,98,189,178,200,183,183,199,202,97,202,181,92,191,179,96,98,186,185,149,204,96,179,201,72,199,188,72
PP376285.1,826,177,202,181,190,192,187,200,154,203,181,171,181,166,198,203,0,189,140,0,153,170,198,0,191,202,190,0,178,164,188,189,170,188,164,172,197,185,181,204,190,197,177,200,190,198,189,192,126,173,179,184,180,186,196,192,166,177,165,189,193,0,191,188,185,169,202,175,198,197,191,155,147,202,164,166,193,184,201,197,161,190,185,171,195,165,183,154,150,180,199,145,172,190,180,193,209,186,183,187,165,175,200,188,190,147,178,0,198,0,163,187,180,194,149,191,177,165,187,181,172,200,173,183,203,197,191,200,154,195,192,201,179,171,188,175,180,187,202,198,192,177,189,175,166,181,201,177,181,153,190,199,163,197,177,193,184,177
PP376299.1,810,156,179,109,144,168,167,176,157,180,163,150,172,149,173,178,163,141,107,163,155,151,173,163,143,179,142,117,104,125,140,171,145,140,146,151,177,113,135,183,142,173,155,177,142,173,141,172,115,152,107,112,137,114,134,142,149,157,148,141,169,158,143,150,162,144,179,113,174,175,174,164,92,179,147,127,123,161,178,123,147,144,165,140,121,102,111,157,147,158,174,140,145,144,137,147,183,167,135,139,99,154,176,140,168,129,104,163,174,163,0,165,137,132,146,171,155,99,139,109,151,177,152,112,183,123,143,176,157,121,146,178,136,150,140,154,154,139,178,177,142,106,169,113,149,163,179,157,109,124,144,176,95,173,155,123,112,155
PP376300.1,819,173,91,178,195,183,88,189,180,92,80,169,190,168,98,92,187,190,145,187,179,167,98,187,192,91,191,145,175,172,191,92,168,191,166,170,90,182,187,95,191,188,64,89,191,98,192,187,132,170,176,181,182,183,202,193,168,173,164,190,184,182,192,171,183,167,91,188,84,88,90,186,157,91,166,171,192,177,90,200,76,195,184,169,198,170,180,180,162,65,99,165,169,195,182,196,94,88,186,190,174,172,189,191,183,148,175,187,84,187,165,0,182,200,161,92,64,174,190,178,170,89,170,180,94,200,192,189,180,198,193,90,181,169,191,172,172,190,191,89,193,174,80,188,168,80,90,173,178,142,195,88,172,188,64,192,181,64
PP376309.1,813,168,198,152,169,183,183,191,168,197,178,165,192,158,193,195,180,166,0,180,167,164,193,180,168,198,167,126,149,5,165,187,160,165,162,168,187,156,156,196,167,188,172,196,167,193,166,179,121,169,150,155,0,157,173,169,158,170,158,166,184,175,168,173,178,161,198,158,190,194,179,180,131,198,156,5,163,177,195,168,162,169,180,159,166,143,154,168,166,175,194,160,160,169,0,172,204,183,158,163,146,171,191,165,183,143,149,180,190,180,137,182,0,171,165,187,172,146,164,152,168,196,169,155,196,168,168,191,168,166,171,195,3,165,165,171,176,164,193,196,169,149,186,158,158,178,196,170,152,134,169,195,142,188,172,163,155,172
PP376310.1,837,188,215,144,173,202,204,210,189,216,196,177,204,179,206,214,194,170,132,194,188,183,206,194,172,215,171,139,144,154,171,205,177,171,169,178,211,151,166,217,171,207,190,213,171,206,172,203,139,179,145,148,171,152,0,173,179,189,184,170,203,188,172,181,195,176,215,149,207,211,203,200,125,215,177,157,161,189,214,165,176,173,190,169,163,135,147,189,181,193,207,174,176,173,171,176,218,204,164,170,136,179,210,171,202,153,144,194,207,194,132,200,171,0,178,208,190,136,170,147,178,213,179,148,216,165,172,210,189,163,175,214,170,177,171,179,177,170,212,213,173,144,206,149,179,196,214,189,145,157,173,212,132,207,190,161,150,190
PP376314.1,803,157,181,163,175,170,167,178,137,182,158,152,152,153,175,182,149,174,133,149,138,150,175,149,174,181,175,116,158,150,173,168,148,173,147,153,179,165,168,185,175,175,153,179,175,175,174,169,122,154,159,166,165,166,180,177,153,157,154,174,171,145,176,175,165,147,181,166,172,177,175,143,136,181,151,153,167,160,180,179,153,175,166,149,177,152,165,137,0,156,176,115,150,174,165,180,184,166,170,172,153,156,178,173,170,135,158,149,172,149,146,161,165,178,0,171,153,153,172,161,153,179,154,165,185,179,176,178,137,177,177,180,164,152,173,156,159,172,180,179,177,157,167,166,153,158,181,157,163,128,175,178,151,175,153,167,164,153
PP376315.1,834,181,111,187,197,195,8,201,188,112,91,179,199,173,106,112,191,192,141,191,185,175,106,191,194,111,193,144,183,174,193,50,171,193,170,180,105,190,187,113,193,200,80,109,193,106,194,197,134,180,186,191,187,191,210,195,173,181,169,192,196,186,194,165,192,170,111,196,106,106,101,192,160,111,171,174,200,187,110,208,8,197,194,175,206,178,190,188,172,83,107,171,171,197,187,198,116,8,183,192,182,182,201,193,195,154,183,191,106,191,171,92,187,208,171,0,80,182,192,188,180,109,180,190,112,208,194,201,188,206,195,110,187,179,193,182,184,192,203,109,195,184,100,196,173,91,110,181,188,152,197,108,180,200,80,200,189,80
PP376317.1,813,165,45,166,185,179,78,185,168,46,74,161,185,158,89,46,177,180,137,177,167,160,89,177,182,45,181,134,163,161,181,82,158,181,156,162,44,170,177,49,181,184,0,43,181,89,182,179,125,162,164,169,172,171,192,183,158,165,158,180,180,172,182,161,179,157,45,176,72,42,45,176,149,45,156,162,180,169,44,190,67,185,176,161,188,156,168,168,154,5,90,153,160,185,172,186,88,78,175,180,160,164,185,181,179,141,163,177,72,177,155,64,172,190,153,80,0,160,180,166,162,43,162,168,48,190,182,185,168,188,183,44,171,161,181,164,165,180,187,43,183,162,68,176,158,74,44,165,166,132,185,42,160,184,0,180,169,0
PP376330.1,815,160,186,97,151,175,178,183,161,187,172,155,183,156,180,187,165,148,113,165,160,156,180,165,150,186,149,123,96,132,149,178,152,149,147,156,185,102,144,190,149,180,160,184,149,180,150,177,122,157,96,100,146,103,138,151,156,161,151,148,176,161,150,159,170,151,186,54,181,182,183,169,92,186,154,135,113,168,185,130,155,151,170,144,128,91,99,161,156,163,181,144,153,151,146,154,192,178,140,148,0,159,183,149,175,138,96,165,181,165,99,174,146,136,153,182,160,0,148,98,156,184,157,100,190,130,150,183,161,128,153,185,145,155,149,159,163,148,185,184,151,95,178,54,156,172,186,161,97,132,151,183,8,180,160,113,101,160
PP376337.1,832,180,204,150,7,190,188,198,180,205,188,177,199,174,197,205,187,8,127,187,178,175,197,187,10,204,9,138,150,153,3,190,172,3,169,178,199,157,0,206,9,195,180,202,9,197,4,192,138,177,151,154,164,158,172,11,174,180,166,8,191,181,10,51,186,171,204,156,199,201,196,191,134,204,172,150,166,184,203,170,167,7,188,167,168,144,153,180,174,183,198,165,172,7,164,14,206,188,8,2,148,179,198,1,190,156,150,187,199,187,139,190,164,170,172,192,180,148,0,153,178,202,177,154,205,170,10,198,180,168,15,203,163,177,3,179,180,0,200,202,11,150,194,156,174,188,203,180,151,151,7,201,144,195,180,166,156,180
PP376345.1,821,172,194,23,158,183,184,191,171,195,176,163,188,164,186,195,181,155,120,181,171,166,186,181,157,194,156,133,41,142,154,184,162,154,155,164,193,13,148,198,156,188,166,192,156,186,155,181,133,165,7,26,152,20,149,158,164,172,162,155,184,177,157,162,180,161,194,112,185,190,190,179,96,194,162,141,56,174,193,132,162,158,180,152,130,0,25,171,162,169,187,156,162,158,152,161,198,184,150,153,98,167,191,154,183,140,41,181,185,181,109,178,152,147,161,188,166,98,153,0,164,192,165,26,198,132,157,191,171,130,160,193,151,163,154,167,171,153,193,192,158,6,179,112,164,176,194,172,23,144,158,191,94,188,166,56,12,166
PP376354.1,815,152,189,164,181,171,176,179,164,192,166,7,185,142,182,192,172,178,132,172,164,143,182,172,180,189,179,130,163,154,179,176,144,179,5,0,187,168,171,193,179,175,162,189,179,182,180,169,114,9,162,167,168,169,180,181,142,151,156,178,172,167,180,175,167,143,189,168,181,187,183,175,140,191,140,157,178,49,190,186,160,181,56,153,184,155,166,164,154,165,183,151,145,181,168,184,190,176,173,178,156,11,179,179,171,41,163,172,181,172,151,170,168,178,153,180,162,156,178,164,0,189,9,166,192,186,180,179,164,184,181,188,167,7,179,11,25,178,181,189,181,160,176,168,142,166,190,151,164,132,181,188,154,175,162,178,167,162
PP376366.1,834,192,10,191,207,204,107,210,195,11,101,188,212,185,116,11,200,202,161,200,193,187,116,200,204,10,203,156,190,187,203,111,185,203,183,189,11,197,200,14,203,209,43,0,203,116,204,206,149,188,191,192,197,198,215,205,185,192,183,202,205,196,204,183,203,184,10,201,97,3,14,203,175,10,183,187,207,194,9,213,96,207,201,187,211,183,193,195,181,44,117,180,187,207,197,208,112,107,198,202,185,190,210,203,204,164,190,200,97,200,177,89,196,213,179,109,43,184,202,192,189,0,188,191,14,213,204,210,195,211,204,9,195,188,203,190,190,202,212,8,205,189,91,201,185,101,10,192,191,154,207,3,184,209,42,207,196,43
PP376388.1,816,153,188,165,180,172,176,180,164,191,166,8,186,142,180,191,173,177,132,173,164,144,180,173,179,188,178,131,164,155,178,176,145,178,10,9,186,169,170,192,178,176,162,188,178,180,179,170,115,0,163,168,169,170,181,180,142,152,156,177,173,167,179,176,168,144,188,169,181,186,182,176,142,190,141,157,179,50,189,187,161,180,57,154,185,156,167,164,155,165,181,152,146,180,169,183,190,176,172,177,157,2,180,178,172,41,164,173,181,173,152,170,169,179,154,180,162,157,177,165,9,188,0,167,191,187,179,180,164,185,180,187,168,8,178,2,26,177,182,188,180,161,176,169,142,166,189,152,165,133,180,187,155,176,162,179,168,162
PP376390.1,823,173,193,3,159,185,186,193,176,194,178,165,189,164,186,194,183,156,122,183,176,167,186,183,158,193,157,132,43,145,155,186,163,155,156,166,192,29,148,197,157,190,168,191,157,186,156,184,132,167,23,0,155,30,150,159,164,173,161,156,186,179,158,162,182,162,193,114,187,189,187,180,99,193,162,143,60,176,192,137,164,159,180,153,135,25,5,176,166,171,187,161,163,159,155,162,195,186,149,154,100,169,193,155,185,139,43,183,187,183,112,180,155,148,165,190,168,100,154,26,166,191,167,0,196,137,158,193,176,135,160,192,154,165,155,169,171,154,195,191,159,22,183,114,164,178,192,173,3,146,159,190,96,190,168,60,28,168
PP376391.1,835,197,14,196,210,205,110,211,196,17,106,191,213,186,121,17,203,205,160,203,194,192,121,203,207,14,206,159,195,187,206,116,190,206,187,192,7,202,203,10,206,210,48,14,206,121,207,209,150,191,196,197,196,203,218,208,186,197,184,205,206,199,207,188,204,189,14,204,100,13,10,206,178,14,184,187,212,197,15,218,99,210,204,190,216,189,198,196,186,49,122,185,192,210,196,211,117,110,201,205,190,193,211,206,205,168,195,203,100,203,183,94,196,216,185,112,48,190,205,198,192,14,191,196,0,218,207,211,196,216,208,15,195,191,206,193,193,205,213,12,208,194,96,204,186,106,16,197,196,160,210,13,190,210,48,212,201,48
PP376413.1,835,190,215,133,175,197,204,205,188,216,194,185,206,184,206,214,197,172,130,197,188,183,206,197,174,215,173,151,131,152,171,206,182,171,177,186,213,136,165,219,173,202,190,213,173,206,172,199,151,187,130,137,168,137,167,175,184,190,170,172,198,193,174,181,195,181,215,140,204,211,207,197,111,215,182,159,146,197,214,0,181,175,201,173,2,125,136,188,180,193,207,173,183,175,168,178,220,202,165,170,130,189,205,171,197,164,131,197,204,197,123,200,168,165,179,208,190,130,170,132,186,213,187,137,218,0,174,205,188,2,177,214,167,185,171,189,188,170,207,213,175,129,204,140,184,194,214,190,134,160,175,212,126,202,190,146,135,190
PP376420.1,836,182,206,154,13,194,190,202,186,207,190,179,205,178,199,207,191,4,130,191,184,177,199,191,6,206,5,143,154,156,11,192,174,11,171,180,201,161,10,208,5,199,182,204,5,199,12,196,141,179,155,158,168,162,174,7,178,182,171,10,195,185,6,51,191,173,206,158,201,203,198,196,136,206,176,154,170,189,205,174,170,13,190,169,172,148,157,186,178,185,200,169,174,13,168,10,208,190,4,10,150,181,202,11,194,161,154,191,201,191,143,192,168,172,176,194,182,150,10,157,180,204,179,158,207,174,0,202,186,172,11,205,167,179,11,181,181,10,204,204,7,154,196,158,178,190,205,182,155,155,13,203,146,199,182,170,160,182
PP376421.1,822,185,212,190,203,10,197,0,188,213,191,178,204,175,202,211,200,200,146,200,185,178,202,200,202,212,201,147,188,177,199,199,174,199,167,179,208,195,195,214,201,13,185,210,200,202,200,144,144,180,189,194,191,196,212,203,175,184,4,200,11,196,202,201,13,173,212,192,200,208,197,196,169,212,173,176,203,189,211,205,173,203,193,178,203,179,193,188,179,188,203,180,175,203,191,206,211,196,190,198,183,182,0,199,10,161,188,200,200,200,176,189,191,210,178,201,185,183,198,191,179,210,180,193,211,205,202,0,188,203,203,211,190,178,199,182,182,198,4,210,203,187,201,192,175,191,211,184,191,158,203,209,181,13,185,203,194,185
PP376435.1,815,170,197,173,185,180,184,188,0,198,176,163,166,161,189,198,154,184,131,154,1,161,189,154,186,197,185,117,170,157,183,186,155,183,158,164,191,175,174,197,185,185,168,195,185,189,184,182,125,164,169,176,168,176,191,187,161,170,159,184,181,151,186,187,175,154,197,173,189,193,184,149,144,197,159,155,183,174,194,188,162,185,178,159,186,163,175,0,138,171,190,133,157,185,168,190,200,183,179,182,161,166,188,181,180,144,170,154,189,154,157,180,168,189,137,188,168,161,180,171,164,195,164,176,196,188,186,188,0,186,189,194,167,163,183,166,175,180,190,195,187,168,182,173,161,176,196,170,173,146,185,194,159,185,168,183,174,168
PP376438.1,833,188,213,131,173,195,202,203,186,214,192,183,204,182,204,212,195,170,128,195,186,181,204,195,172,213,171,149,129,150,169,204,180,169,175,184,211,134,163,217,171,200,188,211,171,204,170,197,149,185,128,135,166,135,165,173,182,188,169,170,196,191,172,179,193,179,213,138,202,209,205,195,109,213,180,157,144,195,212,2,179,173,199,171,0,123,134,186,178,191,205,171,181,173,166,176,218,200,163,168,128,187,203,169,195,162,129,195,202,195,121,198,166,163,177,206,188,128,168,130,184,211,185,135,216,2,172,203,186,0,175,212,165,183,169,187,186,168,205,211,173,127,202,138,182,192,212,188,132,158,173,210,124,200,188,144,133,188
PP376471.1,836,183,206,156,18,195,191,203,189,207,191,180,206,179,200,207,192,9,132,192,187,177,200,192,11,206,10,142,157,159,16,195,177,16,171,181,200,164,15,208,10,200,183,204,10,200,17,199,140,180,158,161,171,165,177,12,179,183,172,15,196,186,11,54,192,176,206,161,202,203,197,196,139,206,177,156,173,190,205,177,171,18,191,172,175,151,160,189,179,186,201,172,177,18,171,15,209,190,8,15,153,182,203,16,195,160,157,192,202,192,146,193,171,175,177,195,183,153,15,160,181,204,180,160,208,177,11,203,189,175,0,205,170,180,16,182,181,15,205,204,12,156,197,161,179,191,206,183,158,156,18,203,149,200,183,173,163,183
PP376473.1,833,193,11,192,208,205,108,211,194,6,102,187,213,186,117,8,201,203,160,201,192,188,117,201,205,11,204,159,191,186,204,112,186,204,182,188,12,198,201,15,204,210,44,9,204,117,205,207,149,187,192,193,196,199,216,206,186,193,184,203,206,197,205,184,204,185,11,202,98,8,15,204,176,11,184,186,208,193,2,214,97,208,200,188,212,184,194,194,182,45,118,181,188,208,196,209,113,108,199,203,186,189,211,204,205,163,191,201,98,201,178,90,195,214,180,110,44,185,203,193,188,9,187,192,15,214,205,211,194,212,205,0,194,187,204,189,189,203,213,9,206,190,92,202,186,102,5,193,192,154,208,8,185,210,43,208,197,44
PP376476.1,812,167,197,151,168,182,183,190,167,196,177,164,191,157,192,194,179,165,1,179,166,163,192,179,167,197,166,125,148,5,164,187,159,164,161,167,186,155,156,195,166,187,171,195,166,192,165,178,120,168,149,154,3,156,172,168,157,169,157,165,183,174,167,172,177,160,197,157,189,193,179,179,130,197,155,5,162,176,194,167,161,168,179,158,165,142,153,167,165,174,193,159,159,168,3,171,203,183,157,162,145,170,190,164,182,143,148,179,189,179,136,181,3,170,164,187,171,145,163,151,167,195,168,154,195,167,167,190,167,165,170,194,0,164,164,170,175,163,192,195,168,148,183,157,157,177,195,169,151,133,168,194,141,187,171,162,154,171
PP376480.1,813,151,188,163,180,170,175,178,163,191,165,0,184,141,181,191,171,177,129,171,163,142,181,171,179,188,178,129,162,152,178,175,143,178,8,7,186,167,170,192,178,174,161,188,178,181,179,168,112,8,161,166,165,168,179,180,141,150,154,177,171,166,179,174,166,142,188,167,178,186,182,174,139,190,139,154,177,48,189,185,160,180,55,150,183,153,165,163,153,164,182,150,144,180,165,183,189,175,172,177,155,10,178,178,170,40,162,171,178,171,150,169,165,177,152,179,161,155,177,163,7,188,8,165,191,185,179,178,163,183,180,187,164,0,178,10,22,177,180,188,180,159,175,167,141,165,189,150,163,131,180,187,153,174,161,177,166,161
PP376538.1,833,181,205,151,8,191,189,199,183,206,189,178,200,175,198,206,188,9,127,188,181,176,198,188,11,205,10,138,151,154,0,191,173,0,169,179,200,158,3,207,10,196,181,203,10,198,5,193,138,178,152,155,165,159,173,12,175,181,168,9,192,182,11,52,188,172,205,157,200,202,196,192,135,205,173,150,167,186,204,171,168,8,189,168,169,145,154,183,175,184,199,166,173,8,165,15,207,189,8,3,149,180,199,4,191,157,151,188,200,188,140,191,165,171,173,193,181,149,3,154,179,203,178,155,206,171,11,199,183,169,16,204,164,178,0,180,180,3,201,203,12,151,195,157,175,189,204,181,152,152,8,202,145,196,181,167,157,181
PP376539.1,818,155,190,167,182,174,178,182,166,193,168,10,188,144,182,193,175,179,134,175,166,146,182,175,181,190,180,133,166,157,180,178,147,180,12,11,188,171,172,194,180,178,164,190,180,182,181,172,116,2,165,170,171,172,181,182,144,154,158,179,175,169,181,178,170,146,190,171,183,188,184,178,144,192,143,159,181,52,191,189,163,182,59,156,187,158,169,166,157,167,183,154,148,182,171,185,192,178,174,179,159,0,182,180,174,42,166,175,183,175,154,172,171,179,156,182,164,159,179,167,11,190,2,169,193,189,181,182,166,187,182,189,170,10,180,0,27,179,184,190,182,163,178,171,144,168,191,154,167,135,182,189,157,178,164,181,170,164
PP376565.1,768,161,189,169,183,175,179,182,175,193,169,22,191,149,187,193,180,179,132,180,174,152,187,180,181,189,180,137,168,163,180,181,149,180,25,25,188,175,173,194,180,179,165,190,180,187,181,175,115,26,169,172,176,175,178,180,149,160,152,179,176,175,181,176,171,148,189,173,183,188,184,186,148,191,148,166,182,61,191,188,154,183,70,156,186,162,171,175,159,167,188,157,150,181,176,182,192,179,170,180,163,27,182,181,175,54,168,180,183,180,154,172,176,177,159,184,165,163,180,171,25,190,26,171,193,188,181,182,175,186,181,189,175,22,180,27,0,180,183,190,180,167,181,173,149,169,191,160,169,139,183,189,160,179,165,182,174,165
PP376579.1,832,180,204,150,7,190,188,198,180,205,188,177,199,174,197,205,187,8,127,187,178,175,197,187,10,204,9,138,150,153,3,190,172,3,169,178,199,157,0,206,9,195,180,202,9,197,4,192,138,177,151,154,164,158,172,11,174,180,166,8,191,181,10,51,186,171,204,156,199,201,196,191,134,204,172,150,166,184,203,170,167,7,188,167,168,144,153,180,174,183,198,165,172,7,164,14,206,188,8,2,148,179,198,0,190,156,150,187,199,187,139,190,164,170,172,192,180,148,0,153,178,202,177,154,205,170,10,198,180,168,15,203,163,177,3,179,180,0,200,202,11,150,194,156,174,188,203,180,151,151,7,201,144,195,180,166,156,180
PP376582.1,824,187,214,192,205,12,199,4,190,215,193,180,206,177,204,213,202,202,147,202,187,180,204,202,204,214,203,148,190,179,201,201,176,201,169,181,210,197,197,216,203,15,187,212,202,204,202,146,145,182,191,196,193,198,214,205,177,186,0,202,13,198,204,203,15,175,214,194,202,210,198,198,170,214,175,178,205,191,213,207,174,205,195,180,205,180,195,190,181,190,205,182,176,205,193,208,213,198,192,200,185,184,4,201,12,162,190,202,202,202,178,191,193,212,180,203,187,185,200,193,181,212,182,195,213,207,204,4,190,205,205,213,192,180,201,184,183,200,0,212,205,189,203,194,177,193,213,186,193,160,205,211,183,15,187,205,196,187
PP376591.1,834,192,8,191,207,204,107,210,195,11,101,188,212,185,116,11,198,202,159,198,193,187,116,198,204,8,203,157,190,187,203,111,185,203,183,189,9,197,200,12,203,209,43,8,203,116,204,206,149,188,191,192,197,198,215,205,185,192,182,202,205,194,204,183,203,184,8,201,97,7,12,203,174,8,183,187,207,194,9,213,96,207,201,187,211,183,193,195,181,44,117,180,187,207,197,208,112,107,198,202,185,190,210,203,204,165,190,198,97,198,177,89,196,213,179,109,43,184,202,192,189,8,188,191,12,213,204,210,195,211,204,9,195,188,203,190,190,202,212,0,205,189,91,201,185,101,10,192,191,154,207,7,184,209,42,207,196,43
PP376593.1,837,183,207,155,14,195,191,203,187,208,191,180,206,179,200,208,192,5,131,192,185,178,200,192,7,207,6,143,155,158,12,193,175,12,172,181,202,162,11,209,6,200,183,205,6,200,13,197,143,180,156,159,169,163,175,0,179,183,172,11,196,186,7,52,192,174,207,159,202,204,199,197,137,207,177,155,171,190,206,175,170,14,191,170,173,149,158,187,179,186,201,170,175,14,169,11,209,191,5,11,151,182,203,12,195,161,155,192,202,192,142,193,169,173,177,195,183,151,11,158,181,205,180,159,208,175,7,203,187,173,12,206,168,180,12,182,180,11,205,205,0,155,197,159,179,191,206,183,156,156,14,204,147,200,183,171,161,183
PP376601.1,820,168,191,19,155,179,180,187,168,192,172,159,185,160,182,192,177,152,117,177,168,162,182,177,154,191,153,129,37,139,151,180,159,151,151,160,190,9,145,195,153,184,162,189,153,182,152,178,130,161,3,22,149,16,146,155,160,168,157,152,180,173,154,158,176,158,191,109,181,187,187,174,93,191,158,138,52,170,190,129,158,155,176,149,127,6,21,168,158,165,183,153,159,155,149,158,194,180,147,150,95,163,187,151,179,136,37,177,181,177,106,174,149,144,157,184,162,95,150,6,160,189,161,22,194,129,154,187,168,127,156,190,148,159,151,163,167,150,189,189,155,0,177,109,160,172,190,168,19,140,155,188,91,184,162,52,8,162
PP376604.1,833,181,93,181,199,195,96,201,182,94,90,175,197,172,105,94,189,194,149,189,180,176,105,189,196,93,195,134,178,175,195,100,174,195,169,176,92,185,191,97,195,200,68,91,195,105,196,196,132,176,179,184,186,186,208,197,172,181,163,194,196,185,196,175,190,173,93,194,92,90,90,188,153,93,170,172,195,181,92,204,84,199,188,177,202,170,183,182,168,71,106,169,176,199,186,200,101,96,189,194,178,178,201,195,195,146,178,189,92,189,169,80,186,206,167,100,68,178,194,179,176,91,176,183,96,204,196,201,182,202,197,92,183,175,195,178,181,194,203,91,197,177,0,194,172,90,92,181,181,145,199,90,176,200,68,195,184,68
PP376613.1,827,174,203,111,159,185,192,192,173,204,186,167,197,168,192,202,175,156,121,175,171,170,192,175,158,203,157,128,110,145,157,192,166,157,157,168,200,116,154,205,157,190,176,201,157,192,158,189,136,169,110,114,158,117,151,159,168,175,163,156,186,171,158,169,181,165,203,0,191,199,194,185,106,203,166,145,127,178,202,140,169,159,182,158,138,106,113,173,168,179,193,160,167,159,158,162,206,192,148,156,54,171,192,157,185,146,110,175,191,175,113,188,158,149,166,196,176,54,156,112,168,201,169,114,204,140,158,192,173,138,161,202,157,167,157,171,173,156,194,201,159,109,194,0,168,186,202,175,111,145,159,200,50,190,176,127,115,176
PP376629.1,818,119,185,162,179,167,169,175,161,188,164,141,183,0,181,188,166,176,125,166,160,112,181,166,178,185,177,118,161,146,175,170,84,175,137,142,181,168,167,187,177,172,158,185,177,181,176,166,1,142,162,165,158,169,181,179,0,118,152,176,168,161,178,173,159,85,185,168,179,183,176,167,135,187,4,146,172,152,186,184,149,179,152,153,182,150,164,161,154,161,182,151,84,179,158,182,190,169,169,174,156,144,175,175,167,130,161,166,179,166,149,168,158,179,153,173,158,156,174,164,142,185,142,164,186,184,178,175,161,182,179,186,157,141,175,144,149,174,177,185,179,160,172,168,0,164,186,118,162,133,179,184,154,172,158,172,167,158
PP376644.1,817,175,103,176,193,185,87,191,176,104,0,165,185,164,88,104,181,188,138,181,175,169,88,181,190,103,189,135,171,169,189,91,166,189,159,166,102,180,184,107,189,190,74,101,189,88,190,186,126,166,174,179,178,181,198,191,164,175,161,188,186,177,190,169,183,165,103,186,96,100,101,182,154,103,162,167,188,173,102,194,75,193,180,165,192,168,178,176,160,77,89,161,168,193,178,194,106,86,182,188,172,168,191,189,185,142,171,181,96,181,163,80,178,196,158,91,74,172,188,176,166,101,166,178,106,194,190,191,176,192,191,102,177,165,189,168,169,188,193,101,191,172,90,186,164,0,102,175,176,142,193,100,170,190,74,188,179,74
PP376655.1,833,193,12,192,208,205,108,211,196,7,102,189,213,186,117,9,201,203,159,201,193,188,117,201,205,12,204,157,191,187,204,112,186,204,184,190,13,198,201,16,204,210,44,10,204,117,205,207,149,189,192,193,196,199,216,206,186,193,183,203,206,197,205,184,203,185,12,202,98,9,15,204,176,12,184,186,208,195,5,214,97,208,202,188,212,185,194,196,182,45,118,181,188,208,196,209,111,108,199,203,186,191,211,204,205,164,191,201,98,201,179,90,196,214,181,110,44,186,203,194,190,10,189,192,16,214,205,211,196,212,206,5,195,189,204,191,191,203,213,10,206,190,92,202,186,102,0,193,192,153,208,9,186,210,44,208,197,44
PP376686.1,835,1,193,171,183,176,179,184,170,195,175,150,190,118,186,195,177,180,122,177,169,0,186,177,182,193,181,126,167,155,181,175,117,181,144,151,188,174,173,198,181,181,165,192,181,186,182,176,89,152,170,174,170,177,191,183,118,0,155,180,177,171,182,177,169,118,193,175,186,190,183,178,144,194,116,158,182,158,193,190,153,183,167,158,188,157,173,170,158,168,187,154,116,183,170,186,196,179,173,180,161,154,184,181,176,132,167,177,186,177,157,173,170,189,157,181,165,161,180,172,151,192,152,173,197,190,182,184,170,188,183,193,169,150,181,154,160,180,186,192,183,168,181,175,118,175,193,0,171,138,183,191,159,181,165,182,173,165
PP376689.1,821,171,193,0,156,183,184,191,173,194,176,163,187,162,184,194,181,153,119,181,173,165,184,181,155,193,154,129,40,142,152,184,160,152,154,164,192,26,145,197,154,188,166,191,154,184,153,183,130,165,20,3,152,27,147,156,162,171,159,153,184,177,155,160,180,159,193,111,185,189,187,178,96,193,160,140,57,174,192,134,162,156,178,150,132,22,2,173,164,169,185,158,160,156,152,159,194,184,146,151,97,167,191,152,183,138,40,181,185,181,109,178,152,145,163,188,166,97,151,23,164,191,165,3,196,134,155,191,173,132,158,192,151,163,152,167,169,151,193,191,156,19,181,111,162,176,192,171,0,144,156,190,93,188,166,57,25,166
PP376700.1,795,137,156,144,156,152,148,158,146,156,142,131,160,133,157,154,153,153,109,153,146,132,157,153,155,156,154,114,141,126,152,148,133,152,124,132,155,148,147,160,154,157,132,154,154,157,153,158,107,133,142,147,134,149,159,156,133,138,137,153,153,149,155,153,149,132,156,145,149,152,150,150,124,156,131,122,154,143,154,160,132,156,147,132,158,137,146,146,130,135,158,126,135,156,134,159,163,148,146,151,132,135,158,152,152,121,141,153,149,153,124,142,134,157,128,152,132,132,151,144,132,154,133,146,160,160,155,158,146,158,156,154,133,131,152,135,139,151,160,154,156,140,145,145,133,142,153,138,144,0,156,153,130,157,132,154,147,132
PP376724.1,837,183,209,155,0,195,193,203,185,210,193,180,204,179,202,210,190,11,132,190,183,178,202,190,13,209,12,141,155,158,8,195,175,8,172,181,204,162,7,211,12,200,185,207,12,202,9,197,142,180,156,159,169,163,175,14,179,183,170,11,196,184,13,56,191,174,209,159,204,206,201,196,137,209,177,155,171,188,208,175,172,0,191,170,173,149,158,185,177,188,203,168,175,8,169,17,211,193,11,7,151,182,203,8,195,158,155,190,204,190,144,195,169,173,175,197,185,151,7,158,181,207,180,159,210,175,13,203,185,173,18,208,168,180,8,182,183,7,205,207,14,155,199,159,179,193,208,183,156,156,0,206,147,200,185,171,161,185
PP376753.1,833,191,9,190,206,203,106,209,194,10,100,187,211,184,115,10,199,201,160,199,192,186,115,199,203,9,202,155,189,186,202,110,184,202,182,188,10,196,199,13,202,208,42,3,202,115,203,205,148,187,190,191,196,197,214,204,184,191,182,201,204,195,203,182,202,183,9,200,96,0,13,202,174,9,182,186,206,193,8,212,95,206,200,186,210,182,192,194,180,43,116,179,186,206,196,207,111,106,197,201,184,189,209,202,203,164,189,199,96,199,176,88,195,212,178,108,42,183,201,191,188,3,187,190,13,212,203,209,194,210,203,8,194,187,202,189,189,201,211,7,204,188,90,200,184,100,9,191,190,153,206,0,183,208,41,206,195,42
PP376775.1,813,158,186,93,147,173,176,181,159,187,170,153,181,154,178,187,163,144,109,163,158,154,178,163,146,186,145,120,92,128,145,176,150,145,145,154,185,98,140,190,145,178,160,184,145,178,146,177,121,155,92,96,142,99,134,147,154,159,149,144,174,159,146,154,169,149,186,50,179,182,183,167,90,186,152,131,109,166,185,126,154,147,168,142,124,87,95,159,154,163,179,144,151,147,142,150,190,176,136,144,8,157,181,145,173,136,92,163,179,163,95,172,142,132,151,180,160,8,144,94,154,184,155,96,190,126,146,181,159,124,149,185,141,153,145,157,160,144,183,184,147,91,176,50,154,170,186,159,93,130,147,183,0,178,160,109,97,160
PP376784.1,823,182,211,187,200,7,196,13,185,212,190,174,201,172,201,210,197,197,144,197,182,175,201,197,199,211,198,143,185,174,196,198,171,196,164,175,207,192,192,213,198,0,184,209,197,201,197,141,142,176,186,191,188,193,209,200,172,181,15,197,8,193,199,198,0,170,211,190,201,207,197,195,166,211,170,174,200,185,210,202,172,200,189,175,200,176,190,185,176,187,202,177,172,200,188,203,210,195,188,195,180,178,13,196,7,158,185,197,201,197,173,188,188,207,175,200,184,180,195,188,175,209,176,190,210,202,199,13,185,200,200,210,187,174,196,178,179,195,15,209,200,184,200,190,172,190,210,181,188,157,200,208,178,0,184,200,191,184
PP376790.1,813,165,44,166,185,179,78,185,168,45,74,161,185,158,89,45,177,180,137,177,167,160,89,177,182,44,181,134,163,161,181,82,158,181,156,162,43,170,177,48,181,184,0,42,181,89,182,179,125,162,164,169,172,171,192,183,158,165,158,180,180,172,182,161,179,157,44,176,72,41,44,176,149,44,156,162,180,169,43,190,67,185,176,161,188,156,168,168,154,5,90,153,160,185,172,186,88,78,175,180,160,164,185,181,179,141,163,177,72,177,155,64,172,190,153,80,0,160,180,166,162,42,162,168,48,190,182,185,168,188,183,43,171,161,181,164,165,180,187,42,183,162,68,176,158,74,44,165,166,132,185,41,160,184,0,180,169,0
PP376807.1,831,182,209,57,171,195,196,203,183,210,188,177,203,172,200,210,193,168,124,193,182,175,200,193,170,209,169,137,49,147,167,197,170,167,166,178,207,59,161,213,169,200,180,207,169,200,168,191,141,179,53,60,163,60,163,171,172,182,172,168,196,189,170,173,189,169,209,127,199,205,201,190,106,209,170,147,0,186,208,146,171,171,191,164,144,53,59,183,170,183,201,170,169,171,163,174,210,196,162,166,113,181,203,167,195,148,49,193,199,193,123,192,163,161,167,200,180,113,166,56,178,207,179,60,212,146,170,203,183,144,173,208,162,177,167,181,182,166,205,207,171,52,195,127,172,188,208,182,57,154,171,206,109,200,180,0,58,180
PP376831.1,824,173,198,25,161,186,185,194,174,199,179,166,192,167,189,199,184,158,123,184,174,167,189,184,160,198,159,133,43,144,157,185,165,157,158,167,197,1,150,202,159,191,169,196,159,189,158,184,134,168,9,28,155,22,152,161,167,173,162,158,187,180,160,165,182,164,198,115,188,194,193,181,97,198,165,144,58,177,197,135,163,161,183,155,133,10,27,174,165,172,190,157,165,161,155,164,201,185,152,156,101,170,194,157,186,141,43,184,188,184,112,181,155,150,164,189,169,101,156,12,167,196,168,28,201,135,160,194,174,133,163,197,154,166,157,170,174,156,196,196,161,8,184,115,167,179,197,173,25,147,161,195,97,191,169,58,0,169
PP377511.1,813,165,45,166,185,179,78,185,168,46,74,161,185,158,89,46,177,180,137,177,167,160,89,177,182,45,181,134,163,161,181,82,158,181,156,162,44,170,177,49,181,184,0,43,181,89,182,179,125,162,164,169,172,171,192,183,158,165,158,180,180,172,182,161,179,157,45,176,72,42,45,176,149,45,156,162,180,169,44,190,67,185,176,161,188,156,168,168,154,5,90,153,160,185,172,186,88,78,175,180,160,164,185,181,179,141,163,177,72,177,155,64,172,190,153,80,0,160,180,166,162,43,162,168,48,190,182,185,168,188,183,44,171,161,181,164,165,180,187,43,183,162,68,176,158,74,44,165,166,132,185,42,160,184,0,180,169,0
