snp-dists 0.7.0,"NC_001781.1_Human_orthopneumovirus_Subgroup_B,_complete_genome",PP376848.1,PP376869.1,PP376872.1,PP376909.1,PP376922.1,PP377014.1,PP377064.1,PP377306.1,PP377320.1,PP377376.1,PP377390.1,PP377412.1,PP377415.1,PP377467.1,PP377497.1,MZ515553.1,MZ515557.1,MZ515561.1,MZ515584.1,MZ515589.1,MZ515590.1,MZ515591.1,MZ515594.1,MZ515596.1,MZ515601.1,MZ515607.1,MZ515610.1,MZ515613.1,MZ515622.1,MZ515627.1,MZ515630.1,MZ515635.1,MZ515636.1,MZ515637.1,MZ515653.1,MZ515667.1,MZ515669.1,MZ515671.1,MZ515672.1,MZ515677.1,MZ515678.1,MZ515691.1,MZ515694.1,MZ515698.1,MZ515707.1,MZ515712.1,MZ515716.1,MZ515719.1,MZ515721.1,MZ515726.1,MZ515727.1,MZ515732.1,MZ515742.1,MZ515745.1,MZ515747.1,MZ515751.1,MZ515753.1,MZ515756.1,MZ515757.1,MZ515759.1,MZ515762.1,MZ515763.1,MZ515765.1,MZ515767.1,MZ515769.1,MZ515774.1,MZ515775.1,MZ515778.1,MZ515779.1,MZ515783.1,MZ515786.1,MZ515791.1,MZ515807.1,MZ515809.1,MZ515812.1,MZ515820.1,MZ515823.1,MZ515824.1,MZ515829.1,MZ515830.1,MZ515832.1,MZ515837.1,MZ515838.1,MZ515839.1,MZ515844.1,MZ515846.1,MZ515855.1,MZ515857.1,MZ515871.1,MZ515890.1,MZ515894.1,MZ515895.1,MZ515900.1,MZ515903.1,MZ515904.1,MZ515914.1,MZ515916.1,MZ515917.1,MZ515919.1,MZ515924.1,MZ515925.1,MZ515934.1,MZ515935.1,MZ515936.1,MZ515937.1,MZ515953.1,MZ515970.1,MZ515976.1,MZ515978.1,MZ515979.1,MZ515981.1,MZ515988.1,MZ516018.1,MZ516021.1,MZ516037.1,MZ516042.1,MZ516045.1,MZ516049.1,MZ516051.1,MZ516061.1,MZ516065.1,MZ516081.1,MZ516098.1,MZ516101.1,MZ516102.1,MZ516105.1,MZ516107.1,MZ516109.1,MZ516116.1,MZ516121.1,MZ516123.1,MZ516125.1,MZ516139.1,LR699726.1,LR699735.1,KY249681.1,KY249682.1,KY249683.1
"NC_001781.1_Human_orthopneumovirus_Subgroup_B,_complete_genome",0,538,530,530,531,532,535,531,540,534,547,535,531,535,523,535,550,542,537,539,474,542,542,525,535,516,550,434,539,548,535,530,550,550,541,527,541,534,538,543,533,542,538,544,533,527,539,539,525,413,549,529,544,509,543,513,529,549,530,539,536,532,474,507,535,539,402,528,529,535,433,530,549,531,538,535,541,542,528,505,546,525,536,424,536,538,528,491,549,544,537,541,533,527,552,531,550,541,541,499,539,551,550,496,541,533,533,538,457,527,526,541,526,419,535,541,549,528,547,535,537,533,549,532,538,556,529,542,539,541,506,536,541,531,538,536,511,517,517
PP376848.1,538,0,69,66,72,92,77,72,75,77,98,78,72,74,62,92,93,79,102,64,90,88,107,66,80,100,94,82,89,94,98,87,94,90,88,66,104,87,73,81,73,85,73,95,86,71,80,87,68,72,93,68,90,134,110,97,68,93,65,88,69,77,84,70,80,103,52,64,66,68,54,70,93,66,99,77,87,85,79,77,87,99,86,89,40,73,63,64,93,88,100,104,74,67,92,70,94,104,104,63,150,113,94,68,87,68,73,99,68,66,63,88,64,67,74,87,93,137,90,80,62,74,93,78,73,93,66,93,79,104,67,77,87,72,113,141,108,114,112
PP376869.1,530,69,0,46,21,69,22,17,55,22,61,58,17,19,42,69,56,59,82,54,71,52,84,46,29,75,52,62,71,52,78,68,52,41,71,46,81,64,53,61,53,58,53,72,63,51,62,70,48,40,51,46,63,113,87,78,48,51,45,71,49,26,67,49,29,80,29,44,47,48,36,50,51,46,79,28,36,58,52,30,52,73,60,61,63,53,43,40,51,61,80,81,54,48,43,50,52,81,81,41,127,92,52,23,36,48,53,76,55,46,43,71,44,44,54,36,51,116,50,29,52,19,51,53,53,60,47,70,65,81,49,57,36,52,90,120,85,91,89
PP376872.1,530,66,46,0,49,69,54,49,39,54,76,50,49,51,34,69,70,43,82,48,71,64,84,38,57,78,72,66,71,72,78,69,72,69,71,38,81,64,37,45,47,60,37,72,63,35,56,70,40,56,71,40,65,114,88,77,40,71,29,71,33,54,69,44,57,82,27,36,39,32,36,42,71,38,79,56,62,60,54,58,66,76,62,68,59,37,35,29,71,63,80,81,48,32,71,42,72,81,81,40,132,92,72,48,62,32,47,76,50,38,35,71,28,49,38,62,71,117,68,57,46,51,71,55,37,74,39,70,59,81,33,49,62,46,90,121,86,92,90
PP376909.1,531,72,21,49,0,72,29,24,56,29,65,61,24,26,43,72,59,60,85,57,74,55,85,49,18,76,55,62,74,55,81,71,55,36,74,49,84,67,54,62,56,61,54,75,66,54,65,73,51,40,54,50,66,116,88,79,51,54,48,74,52,15,70,53,18,83,28,47,50,51,39,53,54,49,82,23,29,61,53,34,55,74,63,62,66,54,46,40,54,64,83,84,57,51,38,53,55,84,84,43,132,95,55,26,29,51,56,77,54,49,46,74,47,46,53,29,54,119,53,18,55,26,54,56,54,63,50,73,68,84,52,60,29,55,93,123,88,92,92
PP376922.1,532,92,69,69,72,0,75,72,78,77,97,81,72,74,65,26,93,82,77,77,67,89,83,67,80,71,95,63,72,95,71,70,95,92,72,67,74,33,76,82,74,85,76,72,32,74,85,71,71,69,94,71,90,122,85,74,71,94,68,72,72,77,65,73,80,93,55,67,70,71,57,73,94,69,74,79,86,85,79,81,89,75,87,63,84,76,66,65,94,88,73,74,77,71,94,73,95,74,74,66,140,85,95,69,86,71,74,75,77,67,66,72,67,68,77,86,94,126,91,80,75,74,94,78,76,97,70,70,88,74,70,80,86,75,101,129,96,98,100
PP377014.1,535,77,22,54,29,75,0,25,63,30,70,66,25,25,50,77,64,67,90,62,81,60,92,54,37,82,60,68,79,60,86,77,60,49,79,54,89,72,61,69,61,66,61,80,71,59,70,78,56,45,59,55,71,120,95,87,56,59,53,79,57,34,73,58,37,88,33,52,55,56,39,58,59,54,87,36,44,66,60,40,58,81,68,65,71,61,51,47,59,69,88,89,62,56,51,58,60,89,89,50,137,100,60,31,44,56,61,84,61,54,51,79,52,51,62,44,59,122,58,37,60,25,59,61,61,68,55,78,73,89,57,65,44,60,98,128,93,99,97
PP377064.1,531,72,17,49,24,72,25,0,58,9,65,61,2,22,45,72,59,62,83,57,74,55,87,49,32,78,53,62,74,53,81,70,53,44,74,49,84,67,56,64,56,61,56,75,66,54,63,73,51,39,52,50,66,114,88,82,51,52,48,74,52,29,69,51,32,83,31,47,50,51,36,53,52,47,82,31,39,61,55,35,55,77,63,62,66,56,46,43,52,64,83,84,57,51,46,53,53,84,84,44,132,95,53,26,39,51,56,79,57,49,46,74,46,43,57,39,52,119,53,32,55,22,52,56,56,63,50,73,67,84,52,60,39,55,93,123,88,94,92
PP377306.1,540,75,55,39,56,78,63,58,0,63,85,59,58,60,43,78,77,20,90,57,78,73,89,45,64,87,81,66,80,81,86,78,81,76,78,45,90,73,14,22,56,69,14,81,72,38,63,77,49,58,80,46,76,120,95,83,47,80,32,78,36,61,75,52,64,89,28,45,46,35,41,53,80,47,87,63,69,69,65,63,75,81,73,71,68,14,44,31,80,74,88,90,57,36,78,53,81,90,90,48,138,101,81,57,69,35,56,81,53,45,44,78,31,52,15,69,80,126,77,64,55,60,80,66,14,83,46,79,68,90,37,58,69,55,97,128,95,101,97
PP377320.1,534,77,22,54,29,77,30,9,63,0,68,66,9,27,50,77,62,67,88,62,80,60,90,54,37,83,58,67,79,58,86,76,58,49,79,54,89,72,61,69,61,66,61,80,71,59,68,78,56,45,57,55,71,119,94,87,56,57,53,79,57,34,75,56,37,88,35,52,55,56,42,58,57,52,87,36,44,66,60,40,60,80,68,66,71,61,51,49,57,69,88,89,62,56,51,58,58,89,89,51,137,98,58,32,44,56,61,82,61,54,51,79,51,50,62,44,57,124,58,37,60,27,57,61,61,68,55,78,72,89,57,65,44,60,98,128,93,99,97
PP377376.1,547,98,61,76,65,97,70,65,85,68,0,86,65,67,72,95,84,89,104,84,94,82,105,76,73,97,88,80,99,88,100,96,88,85,96,76,107,92,83,91,81,86,83,100,91,81,90,95,76,65,87,77,93,140,113,101,78,87,75,96,77,70,88,77,73,109,58,74,77,76,61,78,87,76,101,72,80,86,82,75,82,96,90,85,91,83,73,70,87,91,102,107,81,75,87,78,88,107,107,70,157,116,88,64,80,76,81,97,80,76,73,96,74,67,84,80,87,143,84,73,82,67,87,83,83,90,77,98,93,107,79,85,80,80,120,148,115,121,119
PP377390.1,535,78,58,50,61,81,66,61,59,66,86,0,61,63,44,81,82,63,86,59,75,76,94,44,69,84,82,73,83,82,82,81,82,79,81,44,89,76,57,65,39,70,57,82,75,55,48,80,50,62,81,48,79,119,97,81,48,81,49,81,53,66,69,40,69,94,35,48,45,52,33,36,81,50,83,68,73,70,68,65,76,86,73,73,71,57,47,46,81,77,84,89,40,51,81,36,82,89,89,36,138,95,82,58,73,52,39,86,58,44,47,81,48,58,58,73,81,125,78,69,58,63,81,69,57,86,45,80,71,89,53,41,73,38,100,127,96,104,100
PP377412.1,531,72,17,49,24,72,25,2,58,9,65,61,0,22,45,72,59,62,83,57,74,55,87,49,32,78,53,62,74,53,81,70,53,44,74,49,84,67,56,64,56,61,56,75,66,54,63,73,51,39,52,50,66,114,88,82,51,52,48,74,52,29,70,51,32,83,31,47,50,51,36,53,52,47,82,31,39,61,55,35,55,77,63,62,66,56,46,43,52,64,83,84,57,51,46,53,53,84,84,45,132,95,53,26,39,51,56,79,57,49,46,74,46,44,57,39,52,119,53,32,55,22,52,56,56,63,50,73,67,84,52,60,39,55,93,123,88,94,92
PP377415.1,535,74,19,51,26,74,25,22,60,27,67,63,22,0,47,74,61,64,87,59,78,57,89,51,34,80,57,67,76,57,83,74,57,46,76,51,86,69,58,66,58,63,58,77,68,56,67,75,53,43,56,52,68,118,92,84,53,56,50,76,54,31,73,54,34,85,32,49,52,53,40,55,56,51,84,33,41,63,57,38,57,78,65,64,68,58,48,45,56,66,85,86,59,53,48,55,57,86,86,48,134,97,57,28,41,53,58,81,59,51,48,76,49,48,59,41,56,121,55,34,57,22,56,58,58,65,52,75,70,86,54,62,41,57,95,125,90,96,94
PP377467.1,523,62,42,34,43,65,50,45,43,50,72,44,45,47,0,65,66,47,78,44,67,62,80,32,53,73,68,61,67,68,74,65,68,65,67,32,77,60,41,47,41,56,41,68,59,39,50,66,36,50,67,36,63,107,80,71,36,67,33,67,37,50,64,39,53,78,22,32,33,36,32,38,67,34,75,52,56,56,50,52,58,72,60,65,55,41,31,32,67,61,76,77,42,36,67,38,68,77,77,35,126,86,68,39,56,36,41,72,44,32,31,67,32,44,40,56,67,113,64,53,42,47,67,53,41,70,33,66,55,77,38,41,56,40,86,115,82,88,86
PP377497.1,535,92,69,69,72,26,77,72,78,77,95,81,72,74,65,0,93,82,75,77,63,89,81,69,80,71,95,60,72,95,69,70,95,92,72,69,74,33,76,82,76,85,76,72,32,74,85,71,69,63,94,71,90,119,84,72,71,94,68,72,70,77,62,72,80,91,54,67,70,69,56,73,94,69,72,79,86,85,79,81,89,73,87,58,84,76,66,64,94,88,71,74,77,68,94,73,95,74,74,69,138,85,95,69,86,69,76,73,73,69,66,72,67,68,77,86,94,123,91,80,75,74,94,76,76,97,70,70,88,74,71,80,86,75,101,127,94,96,98
MZ515553.1,550,93,56,70,59,93,64,59,77,62,84,82,59,61,66,93,0,81,105,78,93,76,106,70,67,101,82,81,95,82,101,91,82,79,95,70,105,86,75,83,77,82,75,96,85,75,86,94,72,61,81,71,86,134,111,102,72,81,69,95,73,64,90,72,67,104,50,68,71,72,57,74,81,70,102,66,72,82,76,71,76,97,84,84,87,75,67,64,81,84,103,105,78,72,81,74,82,105,105,66,153,114,82,60,72,72,77,98,79,70,67,95,68,65,76,72,81,136,80,67,76,61,81,77,75,84,71,94,89,105,73,81,72,76,112,142,105,109,109
MZ515557.1,542,79,59,43,60,82,67,62,20,67,89,63,62,64,47,82,81,0,94,61,80,77,93,49,68,89,85,71,84,85,90,82,85,80,82,49,94,77,6,26,60,73,6,85,76,42,69,81,53,61,84,50,80,124,99,87,51,84,36,82,40,65,77,56,68,95,30,49,50,39,45,57,84,51,91,67,73,73,69,69,79,84,77,74,72,6,48,32,84,78,92,94,61,40,82,57,85,94,94,51,142,103,85,60,73,39,60,85,56,49,48,82,35,56,19,73,84,128,79,68,59,64,84,70,6,85,50,83,72,94,40,62,73,59,101,132,99,105,101
MZ515561.1,537,102,82,82,85,77,90,83,90,88,104,86,83,87,78,75,105,94,0,90,66,100,98,82,93,72,108,78,89,108,6,87,108,105,86,82,75,72,88,96,87,94,88,85,71,87,96,85,80,82,107,84,103,129,102,10,84,107,79,86,85,90,8,81,93,106,68,80,83,84,71,84,107,82,9,92,99,94,92,95,102,90,98,64,97,88,79,75,107,101,8,75,88,84,107,84,108,75,75,79,149,86,108,82,99,84,87,90,88,82,79,86,77,74,89,99,107,133,102,93,88,87,107,91,88,110,83,85,100,75,83,91,99,86,112,138,107,107,111
MZ515584.1,539,64,54,48,57,77,62,57,57,62,84,59,57,59,44,77,78,61,90,0,77,74,92,48,65,85,80,73,77,80,86,75,80,75,79,48,88,72,55,63,56,70,55,80,71,51,65,78,50,61,79,49,75,121,95,86,50,79,47,79,49,62,77,53,65,88,40,46,49,50,42,53,79,48,87,64,70,70,64,66,74,84,72,74,59,55,45,47,79,73,86,88,57,49,75,53,80,88,88,50,138,100,80,54,70,50,56,84,49,48,45,79,46,55,56,70,79,125,76,65,2,59,79,65,55,82,49,78,55,88,52,58,70,55,98,129,94,100,98
MZ515589.1,474,90,71,71,74,67,81,74,78,80,94,75,74,78,67,63,93,80,66,77,0,89,86,70,81,0,97,72,72,97,60,72,97,89,69,70,0,61,75,82,71,81,75,72,60,74,75,68,68,76,96,72,89,114,89,64,72,96,69,69,71,79,60,72,81,90,57,71,69,70,59,68,96,71,62,84,87,81,80,84,87,78,88,2,84,75,70,68,96,87,61,0,72,71,92,68,97,0,0,66,131,59,97,74,87,70,71,78,82,70,70,69,68,68,77,87,96,119,90,81,76,77,96,75,75,98,69,71,88,0,71,74,87,68,98,120,91,98,94
MZ515590.1,542,88,52,64,55,89,60,55,73,60,82,76,55,57,62,89,76,77,100,74,89,0,100,65,61,93,77,82,91,76,96,86,77,75,91,66,100,84,71,77,73,78,71,90,83,69,80,90,67,58,76,67,83,129,107,96,68,76,63,90,67,60,82,67,61,98,47,64,67,66,57,70,76,66,97,62,70,78,71,64,72,94,80,80,83,71,63,60,76,81,98,100,74,65,77,70,77,100,100,61,151,112,77,56,70,65,73,96,71,66,62,91,61,58,72,70,76,136,74,61,72,55,76,73,71,80,67,88,83,100,65,77,70,72,110,140,104,110,108
MZ515591.1,542,107,84,84,85,83,92,87,89,90,105,94,87,89,80,81,106,93,98,92,86,100,0,82,93,95,110,9,87,110,92,82,110,105,85,82,97,78,87,95,89,100,87,88,77,89,98,84,82,84,109,84,105,131,59,95,84,109,83,85,87,90,86,85,93,102,67,82,83,86,71,84,109,84,95,92,99,100,94,93,102,9,100,79,99,87,81,81,109,103,94,97,90,86,107,86,110,97,97,79,149,102,110,80,99,86,89,26,89,82,81,85,82,84,88,99,109,137,106,93,90,89,109,93,87,112,83,86,103,97,85,93,99,88,114,138,109,113,113
MZ515594.1,525,66,46,38,49,67,54,49,45,54,76,44,49,51,32,69,70,49,82,48,70,65,82,0,57,78,72,61,71,72,78,69,72,69,69,0,81,64,43,51,41,60,43,72,63,43,50,68,40,56,71,34,67,110,84,78,34,71,37,69,41,54,69,40,57,82,25,36,30,40,33,38,71,38,79,56,62,60,56,55,64,74,63,66,58,43,35,36,71,65,80,81,42,38,71,38,72,81,81,36,128,90,72,47,62,40,41,74,46,0,35,69,36,48,44,62,71,117,66,57,46,51,71,57,43,74,30,70,57,81,41,43,62,40,90,117,84,92,88
MZ515596.1,535,80,29,57,18,80,37,32,64,37,73,69,32,34,53,80,67,68,93,65,81,61,93,57,0,84,63,68,82,63,89,79,63,44,82,57,92,75,62,70,64,69,62,83,74,62,73,81,59,47,62,58,73,124,96,90,59,62,56,82,60,7,79,61,0,91,36,55,58,59,45,61,62,57,90,31,39,69,63,44,63,82,69,68,72,62,54,47,62,71,91,92,65,59,46,61,63,92,92,52,140,103,63,34,39,59,64,85,62,57,54,82,55,54,63,39,62,127,61,0,63,34,62,64,62,71,58,81,76,92,60,68,39,63,101,131,96,100,100
MZ515601.1,516,100,75,78,76,71,82,78,87,83,97,84,78,80,73,71,101,89,72,85,0,93,95,78,84,0,99,76,83,99,67,81,99,95,80,78,0,66,83,92,82,87,83,82,66,83,87,79,77,79,98,78,98,126,96,71,78,98,77,80,80,81,61,77,84,100,63,76,77,79,63,79,98,78,70,83,90,87,86,87,94,87,92,2,90,83,75,75,98,96,69,0,83,78,97,79,99,0,0,72,143,67,99,74,90,79,82,86,86,78,75,80,76,71,85,90,98,130,94,84,83,80,98,87,83,104,77,81,97,0,77,87,90,79,108,132,102,106,107
MZ515607.1,550,94,52,72,55,95,60,53,81,58,88,82,53,57,68,95,82,85,108,80,97,77,110,72,63,99,0,79,97,0,104,95,0,75,97,72,107,90,79,85,79,84,79,98,89,77,88,96,72,0,1,73,89,132,107,104,74,1,71,97,75,60,94,75,63,104,50,70,73,74,61,76,1,72,105,60,69,84,78,62,78,100,84,77,89,79,69,66,1,87,106,107,80,73,77,76,0,107,107,68,155,118,0,45,69,74,79,102,77,72,69,97,69,65,80,69,1,142,64,63,78,57,1,79,79,86,73,96,90,107,75,83,69,78,116,146,111,117,115
MZ515610.1,434,82,62,66,62,63,68,62,66,67,80,73,62,67,61,60,81,71,78,73,72,82,9,61,68,76,79,0,63,79,74,61,79,76,70,61,77,60,65,71,68,76,65,68,59,67,77,70,64,63,78,67,80,105,46,78,67,78,64,70,65,65,72,68,68,78,56,68,62,64,59,63,78,66,76,68,73,76,77,73,82,0,78,65,77,65,65,64,78,80,76,77,69,64,78,64,79,77,77,66,116,76,79,66,73,64,68,16,76,61,65,70,64,69,66,73,78,111,77,68,72,66,78,70,65,85,62,66,84,77,66,70,73,66,93,107,85,87,85
MZ515613.1,539,89,71,71,74,72,79,74,80,79,99,83,74,76,67,72,95,84,89,77,72,91,87,71,82,83,97,63,0,97,83,0,97,94,72,71,86,67,78,84,78,87,78,71,66,76,87,71,73,71,96,73,92,125,90,83,73,96,68,72,72,79,75,72,82,95,51,69,72,71,59,75,96,69,84,81,88,87,81,84,90,78,89,70,86,78,68,65,96,90,85,86,79,71,96,75,97,86,86,68,143,95,97,69,88,71,78,79,78,71,68,72,66,66,79,88,96,128,92,82,75,76,96,82,78,97,72,69,88,86,71,82,88,77,101,133,96,104,100
MZ515622.1,548,94,52,72,55,95,60,53,81,58,88,82,53,57,68,95,82,85,108,80,97,76,110,72,63,99,0,79,97,0,104,95,0,75,97,72,107,90,79,85,79,84,79,98,89,77,88,96,72,0,1,73,89,132,107,104,74,1,71,97,75,60,94,75,63,103,50,70,72,74,61,76,1,72,105,60,69,84,78,62,78,100,83,77,88,79,69,66,1,87,106,107,80,72,77,76,0,107,107,68,155,118,0,45,69,74,79,102,77,72,69,97,69,65,80,69,1,142,64,63,78,57,1,79,79,86,72,96,90,107,75,83,69,78,116,146,111,117,115
MZ515627.1,535,98,78,78,81,71,86,81,86,86,100,82,81,83,74,69,101,90,6,86,60,96,92,78,89,67,104,74,83,104,0,81,104,101,80,78,69,66,84,92,83,90,84,79,65,83,92,79,76,79,103,80,99,126,96,4,80,103,75,80,81,86,3,78,89,102,64,76,79,80,68,80,103,78,3,88,95,90,88,91,98,84,94,60,93,84,75,72,103,97,2,69,84,80,103,80,104,69,69,75,145,80,104,78,95,80,83,84,85,78,75,80,74,70,85,95,103,129,98,89,84,83,103,87,84,106,79,79,97,69,79,87,95,82,108,134,103,105,107
MZ515630.1,530,87,68,69,71,70,77,70,78,76,96,81,70,74,65,70,91,82,87,75,72,86,82,69,79,81,95,61,0,95,81,0,95,90,70,69,84,65,76,82,76,85,76,69,64,74,85,69,71,71,94,71,89,122,87,81,71,94,66,70,70,75,74,71,79,91,50,67,70,69,58,73,94,66,82,79,85,85,79,82,88,73,87,69,84,76,66,63,94,87,83,84,77,69,93,73,95,84,84,67,139,91,95,68,85,69,76,74,77,69,66,70,64,66,77,85,94,124,90,79,73,74,94,79,76,95,70,67,85,84,70,80,85,75,98,129,92,100,96
MZ515635.1,550,94,52,72,55,95,60,53,81,58,88,82,53,57,68,95,82,85,108,80,97,77,110,72,63,99,0,79,97,0,104,95,0,75,97,72,107,90,79,85,79,84,79,98,89,77,88,96,72,0,1,73,89,132,107,104,74,1,71,97,75,60,94,75,63,104,50,70,73,74,61,76,1,72,105,60,69,84,78,62,78,100,84,77,89,79,69,66,1,87,106,107,80,73,77,76,0,107,107,68,155,118,0,45,69,74,79,102,77,72,69,97,69,65,80,69,1,142,64,63,78,57,1,79,79,86,73,96,90,107,75,83,69,78,116,146,111,117,115
MZ515636.1,550,90,41,69,36,92,49,44,76,49,85,79,44,46,65,92,79,80,105,75,89,75,105,69,44,95,75,76,94,75,101,90,75,0,94,69,104,87,74,82,74,79,74,95,86,74,83,93,71,54,74,68,86,134,107,100,69,74,68,94,72,41,90,72,44,101,45,67,70,71,54,71,74,69,102,43,49,79,75,54,75,94,83,74,84,74,66,59,74,84,103,104,75,71,6,71,75,104,104,63,148,115,75,46,49,71,74,97,73,69,66,94,67,58,75,49,74,139,73,44,73,46,74,76,74,83,70,93,88,104,72,78,49,73,112,143,108,114,112
MZ515637.1,541,88,71,71,74,72,79,74,78,79,96,81,74,76,67,72,95,82,86,79,69,91,85,69,82,80,97,70,72,97,80,70,97,94,0,69,84,67,76,82,76,85,76,57,66,76,85,5,71,67,96,67,92,121,89,81,67,96,70,0,72,79,66,65,82,93,50,69,70,71,54,73,96,67,81,81,88,85,81,84,91,74,89,69,86,76,68,66,96,90,82,84,75,71,96,73,97,84,84,64,141,95,97,69,88,71,76,75,73,69,68,0,68,70,77,88,96,125,93,82,77,76,96,80,76,97,70,55,90,84,73,80,88,75,103,128,99,105,103
MZ515653.1,527,66,46,38,49,67,54,49,45,54,76,44,49,51,32,69,70,49,82,48,70,66,82,0,57,78,72,61,71,72,78,69,72,69,69,0,81,64,43,51,41,60,43,72,63,43,50,68,40,56,71,34,67,110,84,78,34,71,37,69,41,54,69,40,57,82,25,36,31,40,33,38,71,38,79,56,62,60,56,55,64,74,64,66,59,43,35,36,71,65,80,81,42,39,71,38,72,81,81,36,128,90,72,47,62,40,41,74,46,0,35,69,36,48,44,62,71,117,66,57,46,51,71,57,43,74,31,70,57,81,41,43,62,40,90,117,84,92,88
MZ515667.1,541,104,81,81,84,74,89,84,90,89,107,89,84,86,77,74,105,94,75,88,0,100,97,81,92,0,107,77,86,107,69,84,107,104,84,81,0,69,88,96,86,95,88,86,68,86,91,83,80,83,106,82,102,127,100,73,82,106,80,84,84,89,63,80,92,105,63,79,82,83,64,83,106,81,72,91,98,95,91,92,99,89,97,2,96,88,78,78,106,100,71,0,87,83,106,83,107,0,0,74,150,71,107,78,98,83,86,89,87,81,78,84,79,74,89,98,106,136,103,92,86,86,106,90,88,109,82,84,100,0,80,90,98,83,113,137,108,110,112
MZ515669.1,534,87,64,64,67,33,72,67,73,72,92,76,67,69,60,33,86,77,72,72,61,84,78,64,75,66,90,60,67,90,66,65,90,87,67,64,69,0,71,77,71,80,71,67,1,69,80,66,66,64,89,66,85,118,82,69,66,89,63,67,67,72,61,68,75,88,50,62,65,66,54,68,89,64,69,74,81,80,74,76,84,70,80,57,79,71,61,59,89,83,68,69,72,66,89,68,90,69,69,64,133,80,90,64,81,66,71,70,71,64,61,67,62,62,72,81,89,121,86,75,70,69,89,73,71,92,65,65,83,69,65,75,81,70,96,124,91,93,95
MZ515671.1,538,73,53,37,54,76,61,56,14,61,83,57,56,58,41,76,75,6,88,55,75,71,87,43,62,83,79,65,78,79,84,76,79,74,76,43,88,71,0,20,54,67,0,79,70,36,63,75,47,56,78,44,74,118,93,81,45,78,30,76,34,59,71,51,62,89,25,43,44,33,40,51,78,45,85,61,67,67,63,63,73,78,71,69,66,0,42,26,78,72,86,88,55,34,76,51,79,88,88,45,136,97,79,54,67,33,54,79,51,43,42,76,29,51,13,67,78,122,75,62,53,58,78,64,0,81,44,77,66,88,34,56,67,53,95,126,93,99,95
MZ515672.1,543,81,61,45,62,82,69,64,22,69,91,65,64,66,47,82,83,26,96,63,82,77,95,51,70,92,85,71,84,85,92,82,85,82,82,51,96,77,20,0,60,75,20,85,76,44,67,81,55,62,86,52,81,124,101,88,53,86,38,82,40,67,79,57,70,97,32,51,52,39,43,57,86,53,93,69,75,75,71,71,81,86,79,77,74,20,50,34,86,79,94,96,61,40,84,57,85,96,96,51,143,107,85,61,75,39,60,87,55,51,50,82,36,58,21,75,86,131,83,70,61,66,86,71,20,89,52,83,74,96,43,64,75,59,103,133,100,106,102
MZ515677.1,533,73,53,47,56,74,61,56,56,61,81,39,56,58,41,76,77,60,87,56,71,73,89,41,64,82,79,68,78,79,83,76,79,74,76,41,86,71,54,60,0,65,54,79,70,52,21,75,47,59,78,45,74,111,92,82,45,78,46,76,50,61,71,14,64,89,25,45,40,49,0,9,78,47,84,63,71,65,61,63,71,80,70,70,66,54,44,43,78,72,85,86,13,48,76,9,79,86,86,0,131,94,79,52,71,49,0,81,54,41,44,76,45,49,55,71,78,120,75,64,55,58,78,64,54,81,40,77,68,86,47,34,71,11,95,120,93,99,97
MZ515678.1,542,85,58,60,61,85,66,61,69,66,86,70,61,63,56,85,82,73,94,70,81,78,100,60,69,87,84,76,87,84,90,85,84,79,85,60,95,80,67,75,65,0,67,88,79,67,74,84,62,63,83,63,67,123,101,91,63,83,61,85,63,66,79,61,69,98,43,60,61,62,47,62,83,62,91,68,76,0,58,71,76,91,66,76,79,67,59,57,83,65,92,95,66,61,81,62,84,95,95,57,142,104,84,57,76,62,65,92,66,60,59,85,60,1,68,76,83,129,82,69,68,63,83,57,67,86,61,86,81,95,65,69,76,64,106,131,102,106,106
MZ515691.1,538,73,53,37,54,76,61,56,14,61,83,57,56,58,41,76,75,6,88,55,75,71,87,43,62,83,79,65,78,79,84,76,79,74,76,43,88,71,0,20,54,67,0,79,70,36,63,75,47,56,78,44,74,118,93,81,45,78,30,76,34,59,71,51,62,89,25,43,44,33,40,51,78,45,85,61,67,67,63,63,73,78,71,69,66,0,42,26,78,72,86,88,55,34,76,51,79,88,88,45,136,97,79,54,67,33,54,79,51,43,42,76,29,51,13,67,78,122,75,62,53,58,78,64,0,81,44,77,66,88,34,56,67,53,95,126,93,99,95
MZ515694.1,544,95,72,72,75,72,80,75,81,80,100,82,75,77,68,72,96,85,85,80,72,90,88,72,83,82,98,68,71,98,79,69,98,95,57,72,86,67,79,85,79,88,79,0,66,77,88,56,74,65,97,71,93,123,92,79,72,97,71,57,73,80,65,68,83,96,53,70,73,72,55,76,97,70,80,82,89,88,82,82,92,77,90,68,87,79,69,67,97,91,81,86,78,71,97,76,98,86,86,65,145,97,98,71,89,72,79,78,73,72,69,57,69,64,80,89,97,127,94,83,78,77,97,83,79,100,73,2,91,86,74,83,89,78,104,132,99,104,103
MZ515698.1,533,86,63,63,66,32,71,66,72,71,91,75,66,68,59,32,85,76,71,71,60,83,77,63,74,66,89,59,66,89,65,64,89,86,66,63,68,1,70,76,70,79,70,66,0,68,79,65,65,64,88,65,84,117,81,68,65,88,62,66,66,71,60,67,74,87,50,61,64,65,53,67,88,63,68,73,80,79,73,75,83,69,79,56,78,70,60,59,88,82,67,68,71,65,88,67,89,68,68,63,132,79,89,63,80,65,70,69,71,63,60,66,61,61,71,80,88,120,85,74,69,68,88,72,70,91,64,64,82,68,64,74,80,69,95,123,90,92,94
MZ515707.1,527,71,51,35,54,74,59,54,38,59,81,55,54,56,39,74,75,42,87,51,74,69,89,43,62,83,77,67,76,77,83,74,77,74,76,43,86,69,36,44,52,67,36,77,68,0,61,75,43,59,76,45,70,118,93,81,45,76,28,76,30,59,75,49,62,87,27,41,44,31,38,49,76,43,84,61,67,67,61,62,71,81,69,67,62,36,40,26,76,68,83,86,53,32,74,49,77,86,86,44,135,97,77,52,67,31,52,81,50,43,40,76,27,51,37,67,76,122,73,62,51,56,76,62,36,77,44,75,62,86,1,54,67,51,95,126,91,97,93
MZ515712.1,539,80,62,56,65,85,70,63,63,68,90,48,63,67,50,85,86,69,96,65,75,80,98,50,73,87,88,77,87,88,92,85,88,83,85,50,91,80,63,67,21,74,63,88,79,61,0,84,56,68,87,54,83,121,101,91,54,87,55,85,59,70,78,21,73,96,33,54,51,58,17,16,87,56,93,72,80,74,70,71,80,89,79,73,73,63,53,53,87,81,94,91,20,57,85,16,88,91,91,19,142,99,88,62,80,58,21,90,63,50,53,85,54,60,64,80,87,129,84,73,64,67,87,71,63,90,51,86,77,91,57,45,80,18,104,131,102,108,106
MZ515716.1,539,87,70,70,73,71,78,73,77,78,95,80,73,75,66,71,94,81,85,78,68,90,84,68,81,79,96,70,71,96,79,69,96,93,5,68,83,66,75,81,75,84,75,56,65,75,84,0,70,65,95,66,91,119,88,80,66,95,69,5,71,78,65,64,81,92,49,68,69,70,53,72,95,66,80,80,87,84,80,83,90,74,88,68,85,75,67,65,95,89,81,83,74,70,95,72,96,83,83,63,139,94,96,68,87,70,75,74,72,68,67,5,67,69,76,87,95,123,92,81,76,75,95,79,75,96,69,54,89,83,72,79,87,74,102,126,97,103,101
MZ515719.1,525,68,48,40,51,71,56,51,49,56,76,50,51,53,36,69,72,53,80,50,68,67,82,40,59,77,72,64,73,72,76,71,72,71,71,40,80,66,47,55,47,62,47,74,65,43,56,70,0,55,71,42,69,112,86,76,42,71,39,71,43,56,67,44,59,84,29,32,41,42,36,44,71,30,77,58,64,62,58,58,68,74,66,66,61,47,31,38,71,67,78,80,48,41,73,44,72,80,80,38,130,92,72,49,64,42,47,76,50,40,31,71,38,48,48,64,71,115,70,59,48,53,71,59,47,76,41,72,61,80,42,49,64,46,92,119,86,92,90
MZ515721.1,413,72,40,56,40,69,45,39,58,45,65,62,39,43,50,63,61,61,82,61,76,58,84,56,47,79,0,63,71,0,79,71,0,54,67,56,83,64,56,62,59,63,56,65,64,59,68,65,55,0,1,55,63,105,73,81,56,1,56,67,56,45,74,59,47,80,38,55,53,55,50,57,1,54,79,43,51,63,51,51,59,76,63,63,66,56,53,58,1,61,81,83,61,53,56,57,0,83,83,53,115,84,0,38,51,55,59,72,66,56,53,67,57,54,57,51,1,107,46,47,59,44,1,58,56,61,53,64,72,83,57,61,51,59,88,113,84,90,89
MZ515726.1,549,93,51,71,54,94,59,52,80,57,87,81,52,56,67,94,81,84,107,79,96,76,109,71,62,98,1,78,96,1,103,94,1,74,96,71,106,89,78,86,78,83,78,97,88,76,87,95,71,1,0,72,88,131,106,103,73,0,70,96,74,59,93,74,62,103,49,69,72,73,60,75,0,71,104,59,68,83,77,61,77,99,83,76,88,78,68,65,0,86,105,106,79,72,76,75,1,106,106,67,154,117,1,44,68,73,78,101,76,71,68,96,68,64,79,68,0,141,63,62,77,56,0,78,78,85,72,95,89,106,74,82,68,77,115,145,110,116,114
MZ515727.1,529,68,46,40,50,71,55,50,46,55,77,48,50,52,36,71,71,50,84,49,72,67,84,34,58,78,73,67,73,73,80,71,73,68,67,34,82,66,44,52,45,63,44,71,65,45,54,66,42,55,72,0,68,110,90,80,0,72,39,67,43,55,72,42,58,84,24,38,34,42,34,42,72,36,81,57,63,63,57,59,67,76,63,67,61,44,36,38,72,66,82,82,44,41,70,42,73,82,82,40,130,93,73,49,63,42,45,76,51,34,36,67,38,52,45,63,72,115,69,58,47,52,72,54,44,75,34,69,61,82,44,47,63,44,92,117,88,93,92
MZ515732.1,544,90,63,65,66,90,71,66,76,71,93,79,66,68,63,90,86,80,103,75,89,83,105,67,73,98,89,80,92,89,99,89,89,86,92,67,102,85,74,81,74,67,74,93,84,70,83,91,69,63,88,68,0,125,106,99,68,88,66,92,70,71,84,69,73,103,49,65,68,69,52,71,88,67,100,73,81,67,63,77,83,96,69,83,84,74,64,63,88,8,101,102,75,68,88,71,89,102,102,65,147,113,89,62,81,69,74,97,70,67,64,92,63,52,75,81,88,134,87,73,73,68,88,52,74,91,68,91,85,102,66,78,81,71,111,136,103,109,106
MZ515742.1,509,134,113,114,116,122,120,114,120,119,140,119,114,118,107,119,134,124,129,121,114,129,131,110,124,126,132,105,125,132,126,122,132,134,121,110,127,118,118,124,111,123,118,123,117,118,121,119,112,105,131,110,125,0,133,129,110,131,112,121,114,120,116,110,124,133,85,110,105,113,92,108,131,111,129,123,130,123,122,118,130,122,131,104,122,118,109,104,131,125,128,127,111,109,136,109,132,127,127,104,60,135,132,109,130,113,111,123,115,110,109,121,109,93,119,130,131,117,130,124,119,116,131,121,118,139,105,121,132,127,116,117,130,111,125,0,93,84,96
MZ515745.1,543,110,87,88,88,85,95,88,95,94,113,97,88,92,80,84,111,99,102,95,89,107,59,84,96,96,107,46,90,107,96,87,107,107,89,84,100,82,93,101,92,101,93,92,81,93,101,88,86,73,106,90,106,133,0,95,90,106,85,89,91,93,86,88,96,112,69,86,88,90,73,89,106,88,97,95,102,101,97,99,104,51,104,78,105,93,85,79,106,104,98,100,93,88,109,89,107,99,100,83,151,109,107,85,102,90,92,51,91,84,85,89,80,83,94,102,106,137,108,96,93,92,106,99,93,114,88,90,106,100,88,95,102,91,118,140,111,117,114
MZ515747.1,513,97,78,77,79,74,87,82,83,87,101,81,82,84,71,72,102,87,10,86,64,96,95,78,90,71,104,78,83,104,4,81,104,100,81,78,73,69,81,88,82,91,81,79,68,81,91,80,76,81,103,80,99,129,95,0,80,103,74,81,80,87,0,78,90,103,63,76,77,79,70,79,103,78,5,89,93,91,86,90,99,87,94,64,93,81,74,72,103,97,6,73,83,78,102,79,104,73,73,75,148,83,104,78,93,79,82,87,86,78,74,81,73,72,80,93,103,129,98,90,84,83,103,90,81,107,77,79,97,73,77,86,93,81,108,137,103,107,107
MZ515751.1,529,68,48,40,51,71,56,51,47,56,78,48,51,53,36,71,72,51,84,50,72,68,84,34,59,78,74,67,73,74,80,71,74,69,67,34,82,66,45,53,45,63,45,72,65,45,54,66,42,56,73,0,68,110,90,80,0,73,39,67,43,56,72,42,59,84,24,38,35,42,34,42,73,36,81,58,64,63,57,60,68,76,63,67,61,45,37,38,73,66,82,82,44,41,71,42,74,82,82,40,130,93,74,49,64,42,45,76,51,34,37,67,38,52,46,64,73,115,70,59,48,53,73,54,45,76,35,70,61,82,44,47,64,44,92,117,88,93,92
MZ515753.1,549,93,51,71,54,94,59,52,80,57,87,81,52,56,67,94,81,84,107,79,96,76,109,71,62,98,1,78,96,1,103,94,1,74,96,71,106,89,78,86,78,83,78,97,88,76,87,95,71,1,0,72,88,131,106,103,73,0,70,96,74,59,93,74,62,103,49,69,72,73,60,75,0,71,104,59,68,83,77,61,77,99,83,76,88,78,68,65,0,86,105,106,79,72,76,75,1,106,106,67,154,117,1,44,68,73,78,101,76,71,68,96,68,64,79,68,0,141,63,62,77,56,0,78,78,85,72,95,89,106,74,82,68,77,115,145,110,116,114
MZ515756.1,530,65,45,29,48,68,53,48,32,53,75,49,48,50,33,68,69,36,79,47,69,63,83,37,56,77,71,64,68,71,75,66,71,68,70,37,80,63,30,38,46,61,30,71,62,28,55,69,39,56,70,39,66,112,85,74,39,70,0,70,26,53,66,44,56,81,25,35,38,25,34,43,70,37,76,55,61,61,55,57,65,74,63,65,58,30,34,11,70,64,77,80,47,26,70,43,71,80,80,38,131,89,71,46,61,25,46,75,46,37,34,70,11,50,31,61,70,114,67,56,45,50,70,56,30,71,38,69,58,80,26,48,61,45,89,120,85,91,87
MZ515757.1,539,88,71,71,74,72,79,74,78,79,96,81,74,76,67,72,95,82,86,79,69,90,85,69,82,80,97,70,72,97,80,70,97,94,0,69,84,67,76,82,76,85,76,57,66,76,85,5,71,67,96,67,92,121,89,81,67,96,70,0,72,79,66,65,82,93,50,69,69,71,54,73,96,67,81,81,88,85,81,84,91,74,88,69,85,76,68,66,96,90,82,84,75,70,96,73,97,84,84,64,141,95,97,69,88,71,76,75,73,69,68,0,68,70,77,88,96,125,93,82,77,76,96,80,76,97,69,55,90,84,73,80,88,75,103,128,99,105,103
MZ515759.1,536,69,49,33,52,72,57,52,36,57,77,53,52,54,37,70,73,40,85,49,71,67,87,41,60,80,75,65,72,75,81,70,75,72,72,41,84,67,34,40,50,63,34,73,66,30,59,71,43,56,74,43,70,114,91,80,43,74,26,72,0,57,71,47,60,85,25,39,42,1,36,47,74,41,82,59,65,63,59,59,69,78,67,66,62,34,38,21,74,68,81,84,51,2,72,47,75,84,84,41,135,95,75,47,65,1,50,79,49,41,38,72,24,46,35,65,74,119,71,60,49,54,74,60,34,77,42,71,62,84,31,51,65,49,93,124,89,95,91
MZ515762.1,532,77,26,54,15,77,34,29,61,34,70,66,29,31,50,77,64,65,90,62,79,60,90,54,7,81,60,65,79,60,86,75,60,41,79,54,89,72,59,67,61,66,59,80,71,59,70,78,56,45,59,55,71,120,93,87,56,59,53,79,57,0,75,57,7,88,32,52,55,56,42,58,59,54,87,28,36,66,60,41,60,79,66,66,69,59,51,45,59,69,88,89,62,56,43,58,60,89,89,49,137,100,60,31,36,56,61,82,59,54,51,79,51,51,60,36,59,124,58,7,60,31,59,61,59,68,55,78,72,89,57,65,36,60,98,128,93,97,97
MZ515763.1,474,84,67,69,70,65,73,69,75,75,88,69,70,73,64,62,90,77,8,77,60,82,86,69,79,61,94,72,75,94,3,74,94,90,66,69,63,61,71,79,71,79,71,65,60,75,78,65,67,74,93,72,84,116,86,0,72,93,66,66,71,75,0,69,79,86,62,69,69,70,63,68,93,70,3,76,81,79,78,79,87,78,82,56,83,71,67,65,93,83,4,63,72,69,91,68,94,63,63,67,133,69,94,71,81,70,71,75,78,69,67,66,66,64,71,81,93,116,85,79,75,73,93,77,71,93,69,65,86,63,74,77,81,70,100,120,93,95,97
MZ515765.1,507,70,49,44,53,73,58,51,52,56,77,40,51,54,39,72,72,56,81,53,72,67,85,40,61,77,75,68,72,75,78,71,75,72,65,40,80,68,51,57,14,61,51,68,67,49,21,64,44,59,74,42,69,110,88,78,42,74,44,65,47,57,69,0,61,84,29,44,39,46,11,9,74,42,79,59,67,61,58,62,68,76,66,67,63,51,42,43,74,68,80,80,1,44,74,9,75,80,80,12,130,88,75,52,67,46,14,76,55,40,42,65,43,51,52,67,74,115,71,61,52,54,74,58,51,77,39,66,65,80,46,37,67,11,92,117,88,94,92
MZ515767.1,535,80,29,57,18,80,37,32,64,37,73,69,32,34,53,80,67,68,93,65,81,61,93,57,0,84,63,68,82,63,89,79,63,44,82,57,92,75,62,70,64,69,62,83,74,62,73,81,59,47,62,58,73,124,96,90,59,62,56,82,60,7,79,61,0,91,36,55,58,59,45,61,62,57,90,31,39,69,63,44,63,82,69,68,72,62,54,47,62,71,91,92,65,59,46,61,63,92,92,52,140,103,63,34,39,59,64,85,62,57,54,82,55,54,63,39,62,127,61,0,63,34,62,64,62,71,58,81,76,92,60,68,39,63,101,131,96,100,100
MZ515769.1,539,103,80,82,83,93,88,83,89,88,109,94,83,85,78,91,104,95,106,88,90,98,102,82,91,100,104,78,95,103,102,91,104,101,93,82,105,88,89,97,89,98,89,96,87,87,96,92,84,80,103,84,103,133,112,103,84,103,81,93,85,88,86,84,91,0,63,80,83,84,70,86,103,82,103,90,98,98,90,92,100,98,99,85,95,89,79,80,103,101,104,105,90,81,103,86,104,105,105,76,149,114,104,81,98,84,89,98,84,82,79,93,80,74,90,98,103,138,100,91,86,85,103,93,89,104,83,94,101,105,82,93,98,88,110,140,107,113,111
MZ515774.1,402,52,29,27,28,55,33,31,28,35,58,35,31,32,22,54,50,30,68,40,57,47,67,25,36,63,50,56,51,50,64,50,50,45,50,25,63,50,25,32,25,43,25,53,50,27,33,49,29,38,49,24,49,85,69,63,24,49,25,50,25,32,62,29,36,63,0,29,0,24,22,24,49,28,65,35,41,43,46,40,45,60,47,57,46,25,27,24,49,47,65,63,28,24,46,24,50,63,63,25,98,64,50,36,41,24,25,56,42,25,27,50,23,37,24,41,49,92,49,36,39,32,49,39,25,53,0,51,48,63,26,31,41,24,71,88,67,73,69
MZ515775.1,528,64,44,36,47,67,52,47,45,52,74,48,47,49,32,67,68,49,80,46,71,64,82,36,55,76,70,68,69,70,76,67,70,67,69,36,79,62,43,51,45,60,43,70,61,41,54,68,32,55,69,38,65,110,86,76,38,69,35,69,39,52,69,44,55,80,29,0,37,38,34,42,69,30,77,54,60,60,52,56,62,74,62,66,57,43,5,34,69,63,78,79,46,38,69,42,70,79,79,39,130,90,70,46,60,38,45,74,50,36,5,69,34,50,44,60,69,115,66,55,44,49,69,55,43,70,37,68,57,79,40,47,60,44,88,117,84,90,88
MZ515778.1,529,66,47,39,50,70,55,50,46,55,77,45,50,52,33,70,71,50,83,49,69,67,83,30,58,77,73,62,72,72,79,70,73,70,70,31,82,65,44,52,40,61,44,73,64,44,51,69,41,53,72,34,68,105,88,77,35,72,38,69,42,55,69,39,58,83,0,37,0,41,28,39,72,39,80,57,63,61,56,57,61,74,63,67,60,44,36,35,72,66,81,82,43,38,72,39,73,82,82,33,126,91,73,47,63,40,40,75,48,31,35,70,35,45,45,63,72,117,69,58,47,52,72,58,44,75,0,71,59,82,42,44,63,41,90,115,85,91,89
MZ515779.1,535,68,48,32,51,71,56,51,35,56,76,52,51,53,36,69,72,39,84,50,70,66,86,40,59,79,74,64,71,74,80,69,74,71,71,40,83,66,33,39,49,62,33,72,65,31,58,70,42,55,73,42,69,113,90,79,42,73,25,71,1,56,70,46,59,84,24,38,41,0,35,46,73,40,81,58,64,62,58,58,68,77,66,65,61,33,37,20,73,67,82,83,50,1,73,46,74,83,83,40,134,94,74,46,64,0,49,78,48,40,37,71,23,45,34,64,73,118,70,59,48,53,73,59,33,76,41,70,61,83,30,50,64,48,92,123,88,94,90
MZ515783.1,433,54,36,36,39,57,39,36,41,42,61,33,36,40,32,56,57,45,71,42,59,57,71,33,45,63,61,59,59,61,68,58,61,54,54,33,64,54,40,43,0,47,40,55,53,38,17,53,36,50,60,34,52,92,73,70,34,60,34,54,36,42,63,11,45,70,22,34,28,35,0,7,60,34,69,42,50,47,47,51,57,64,52,61,48,40,32,36,60,51,70,64,10,34,57,7,61,64,64,0,105,70,61,43,50,35,0,61,48,33,32,54,35,39,39,50,60,102,56,45,41,40,60,45,40,62,28,53,53,64,36,25,50,9,78,95,77,79,78
MZ515786.1,530,70,50,42,53,73,58,53,53,58,78,36,53,55,38,73,74,57,84,53,68,70,84,38,61,79,76,63,75,76,80,73,76,71,73,38,83,68,51,57,9,62,51,76,67,49,16,72,44,57,75,42,71,108,89,79,42,75,43,73,47,58,68,9,61,86,24,42,39,46,7,0,75,44,81,60,68,62,58,60,68,75,67,67,63,51,41,41,75,69,82,83,8,45,73,2,76,83,83,7,129,91,76,50,68,46,9,78,51,38,41,73,42,48,52,68,75,116,72,61,52,55,75,61,51,78,39,74,65,83,45,33,68,6,92,118,89,95,93
MZ515791.1,549,93,51,71,54,94,59,52,80,57,87,81,52,56,67,94,81,84,107,79,96,76,109,71,62,98,1,78,96,1,103,94,1,74,96,71,106,89,78,86,78,83,78,97,88,76,87,95,71,1,0,72,88,131,106,103,73,0,70,96,74,59,93,74,62,103,49,69,72,73,60,75,0,71,104,59,68,83,77,61,77,99,83,76,88,78,68,65,0,86,105,106,79,72,76,75,1,106,106,67,154,117,1,44,68,73,78,101,76,71,68,96,68,64,79,68,0,141,63,62,77,56,0,78,78,85,72,95,89,106,74,82,68,77,115,145,110,116,114
MZ515807.1,531,66,46,38,49,69,54,47,47,52,76,50,47,51,34,69,70,51,82,48,71,66,84,38,57,78,72,66,69,72,78,66,72,69,67,38,81,64,45,53,47,62,45,70,63,43,56,66,30,54,71,36,67,111,88,78,36,71,37,67,41,54,70,42,57,82,28,30,39,40,34,44,71,0,79,56,62,62,56,58,66,76,64,67,59,45,29,34,71,65,80,81,46,40,71,44,72,81,81,38,132,92,72,46,62,40,47,76,49,38,29,67,36,47,46,62,71,115,68,57,46,51,71,55,45,74,39,68,59,81,40,49,62,46,90,119,86,92,90
MZ515809.1,538,99,79,79,82,74,87,82,87,87,101,83,82,84,75,72,102,91,9,87,62,97,95,79,90,70,105,76,84,105,3,82,105,102,81,79,72,69,85,93,84,91,85,80,68,84,93,80,77,79,104,81,100,129,97,5,81,104,76,81,82,87,3,79,90,103,65,77,80,81,69,81,104,79,0,89,96,91,89,91,99,87,95,62,96,85,76,73,104,98,5,72,85,81,104,81,105,72,72,76,148,83,105,78,96,81,84,87,85,79,76,81,75,70,86,96,104,130,99,90,85,84,104,90,85,107,80,80,98,72,80,88,96,83,109,137,104,108,108
MZ515812.1,535,77,28,56,23,79,36,31,63,36,72,68,31,33,52,79,66,67,92,64,84,62,92,56,31,83,60,68,81,60,88,79,60,43,81,56,91,74,61,69,63,68,61,82,73,61,72,80,58,43,59,57,73,123,95,89,58,59,55,81,59,28,76,59,31,90,35,54,57,58,42,60,59,56,89,0,38,68,62,43,60,81,70,68,73,61,53,46,59,71,90,91,64,58,45,60,60,91,91,52,139,100,60,34,38,58,63,84,59,56,53,81,54,54,62,38,59,124,58,31,62,33,59,63,61,70,57,80,74,91,58,67,38,62,100,130,95,101,99
MZ515820.1,541,87,36,62,29,86,44,39,69,44,80,73,39,41,56,86,72,73,99,70,87,70,99,62,39,90,69,73,88,69,95,85,69,49,88,62,98,81,67,75,71,76,67,89,80,67,80,87,64,51,68,63,81,130,102,93,64,68,61,88,65,36,81,67,39,98,41,60,63,64,50,68,68,62,96,38,0,76,68,49,70,88,78,73,81,67,59,52,68,79,97,98,72,64,51,68,69,98,98,58,146,109,69,41,0,64,71,91,66,62,59,88,60,58,66,0,68,134,68,39,68,41,68,71,67,78,63,87,81,98,65,73,0,70,108,137,103,109,107
MZ515823.1,542,85,58,60,61,85,66,61,69,66,86,70,61,63,56,85,82,73,94,70,81,78,100,60,69,87,84,76,87,84,90,85,84,79,85,60,95,80,67,75,65,0,67,88,79,67,74,84,62,63,83,63,67,123,101,91,63,83,61,85,63,66,79,61,69,98,43,60,61,62,47,62,83,62,91,68,76,0,58,71,76,91,66,76,79,67,59,57,83,65,92,95,66,61,81,62,84,95,95,57,142,104,84,57,76,62,65,92,66,60,59,85,60,1,68,76,83,129,82,69,68,63,83,57,67,86,61,86,81,95,65,69,76,64,106,131,102,106,106
MZ515824.1,528,79,52,54,53,79,60,55,65,60,82,68,55,57,50,79,76,69,92,64,80,71,94,56,63,86,78,77,81,78,88,79,78,75,81,56,91,74,63,71,61,58,63,82,73,61,70,80,58,51,77,57,63,122,97,86,57,77,55,81,59,60,78,58,63,90,46,52,56,58,47,58,77,56,89,62,68,58,0,64,72,86,57,76,72,63,51,52,77,61,90,91,62,57,77,58,78,91,91,52,141,102,78,51,68,58,61,86,63,56,51,81,54,46,62,68,77,127,75,63,62,57,77,53,63,76,56,80,75,91,59,65,68,60,100,131,96,102,100
MZ515829.1,505,77,30,58,34,81,40,35,63,40,75,65,35,38,52,81,71,69,95,66,84,64,93,55,44,87,62,73,84,62,91,82,62,54,84,55,92,76,63,71,63,71,63,82,75,62,71,83,58,51,61,59,77,118,99,90,60,61,57,84,59,41,79,62,44,92,40,56,57,58,51,60,61,58,91,43,49,71,64,0,65,84,72,70,73,63,55,52,61,75,93,92,64,57,56,60,62,92,92,55,134,101,62,40,49,58,63,86,67,55,55,84,56,58,62,49,61,126,62,44,64,37,61,67,63,74,57,80,77,92,58,66,49,62,100,125,93,100,97
MZ515830.1,546,87,52,66,55,89,58,55,75,60,82,76,55,57,58,89,76,79,102,74,87,72,102,64,63,94,78,82,90,78,98,88,78,75,91,64,99,84,73,81,71,76,73,92,83,71,80,90,68,59,77,67,83,130,104,99,68,77,65,91,69,60,87,68,63,100,45,62,61,68,57,68,77,66,99,60,70,76,72,65,0,94,80,78,81,73,61,59,77,81,100,99,72,66,77,68,78,99,99,61,149,108,78,56,70,68,71,96,74,64,61,91,61,60,74,70,77,134,76,63,72,57,77,73,73,76,61,90,85,99,69,75,70,68,110,138,105,111,109
MZ515832.1,525,99,73,76,74,75,81,77,81,80,96,86,77,78,72,73,97,84,90,84,78,94,9,74,82,87,100,0,78,100,84,73,100,94,74,74,89,70,78,86,80,91,78,77,69,81,89,74,74,76,99,76,96,122,51,87,76,99,74,74,78,79,78,76,82,98,60,74,74,77,64,75,99,76,87,81,88,91,86,84,94,0,91,72,90,78,73,73,99,94,86,89,81,76,96,77,100,89,89,70,140,94,100,72,88,77,80,19,81,74,73,74,74,76,80,88,99,127,94,82,82,79,99,85,78,103,74,75,95,89,77,85,88,79,105,129,100,104,104
MZ515837.1,536,86,60,62,63,87,68,63,73,68,90,73,63,65,60,87,84,77,98,72,88,80,100,63,69,92,84,78,89,83,94,87,84,83,89,64,97,80,71,79,70,66,71,90,79,69,79,88,66,63,83,63,69,131,104,94,63,83,63,88,67,66,82,66,69,99,47,62,63,66,52,67,83,64,95,70,78,66,57,72,80,91,0,80,81,71,61,58,83,67,96,97,71,64,85,67,84,97,97,60,150,107,84,59,78,65,70,92,70,64,60,89,62,53,72,78,83,131,82,69,70,65,83,59,71,88,63,88,82,97,64,74,78,69,108,139,103,109,107
MZ515838.1,424,89,61,68,62,63,65,62,71,66,85,73,62,64,65,58,84,74,64,74,2,80,79,66,68,2,77,65,70,77,60,69,77,74,69,66,2,57,69,77,70,76,69,68,56,67,73,68,66,63,76,67,83,104,78,64,67,76,65,69,66,66,56,67,68,85,57,66,67,65,61,67,76,67,62,68,73,76,76,70,78,72,80,0,78,69,66,61,76,82,62,2,71,66,77,67,77,2,2,65,115,53,77,67,73,65,70,71,78,66,66,69,62,66,71,73,76,110,79,68,72,66,76,71,69,87,67,67,86,2,62,72,73,66,95,108,87,88,87
MZ515839.1,536,40,63,59,66,84,71,66,68,71,91,71,66,68,55,84,87,72,97,59,84,83,99,58,72,90,89,77,86,88,93,84,89,84,86,59,96,79,66,74,66,79,66,87,78,62,73,85,61,66,88,61,84,122,105,93,61,88,58,85,62,69,83,63,72,95,46,57,60,61,48,63,88,59,96,73,81,79,72,73,81,90,81,78,0,66,56,56,88,82,95,96,67,59,86,63,89,96,96,55,137,107,89,61,81,60,66,91,63,59,55,86,57,65,67,81,88,132,85,72,57,68,88,70,66,89,60,85,71,96,59,70,81,65,107,132,103,106,106
MZ515844.1,538,73,53,37,54,76,61,56,14,61,83,57,56,58,41,76,75,6,88,55,75,71,87,43,62,83,79,65,78,79,84,76,79,74,76,43,88,71,0,20,54,67,0,79,70,36,63,75,47,56,78,44,74,118,93,81,45,78,30,76,34,59,71,51,62,89,25,43,44,33,40,51,78,45,85,61,67,67,63,63,73,78,71,69,66,0,42,26,78,72,86,88,55,34,76,51,79,88,88,45,136,97,79,54,67,33,54,79,51,43,42,76,29,51,13,67,78,122,75,62,53,58,78,64,0,81,44,77,66,88,34,56,67,53,95,126,93,99,95
MZ515846.1,528,63,43,35,46,66,51,46,44,51,73,47,46,48,31,66,67,48,79,45,70,63,81,35,54,75,69,65,68,69,75,66,69,66,68,35,78,61,42,50,44,59,42,69,60,40,53,67,31,53,68,36,64,109,85,74,37,68,34,68,38,51,67,42,54,79,27,5,36,37,32,41,68,29,76,53,59,59,51,55,61,73,61,66,56,42,0,33,68,62,77,78,45,36,68,41,69,78,78,38,129,89,69,45,59,37,44,73,48,35,0,68,33,47,43,59,68,114,65,54,43,48,68,54,42,69,36,67,56,78,39,46,59,43,87,116,83,89,87
MZ515855.1,491,64,40,29,40,65,47,43,31,49,70,46,43,45,32,64,64,32,75,47,68,60,81,36,47,75,66,64,65,66,72,63,66,59,66,36,78,59,26,34,43,57,26,67,59,26,53,65,38,58,65,38,63,104,79,72,38,65,11,66,21,45,65,43,47,80,24,34,35,20,36,41,65,34,73,46,52,57,52,52,59,73,58,61,56,26,33,0,65,61,74,78,45,20,61,41,66,78,78,37,122,80,66,46,52,20,43,73,46,36,33,66,1,50,28,52,65,101,62,47,45,44,65,50,26,67,35,66,55,78,25,46,52,43,84,111,79,83,80
MZ515857.1,549,93,51,71,54,94,59,52,80,57,87,81,52,56,67,94,81,84,107,79,96,76,109,71,62,98,1,78,96,1,103,94,1,74,96,71,106,89,78,86,78,83,78,97,88,76,87,95,71,1,0,72,88,131,106,103,73,0,70,96,74,59,93,74,62,103,49,69,72,73,60,75,0,71,104,59,68,83,77,61,77,99,83,76,88,78,68,65,0,86,105,106,79,72,76,75,1,106,106,67,154,117,1,44,68,73,78,101,76,71,68,96,68,64,79,68,0,141,63,62,77,56,0,78,78,85,72,95,89,106,74,82,68,77,115,145,110,116,114
MZ515871.1,544,88,61,63,64,88,69,64,74,69,91,77,64,66,61,88,84,78,101,73,87,81,103,65,71,96,87,80,90,87,97,87,87,84,90,65,100,83,72,79,72,65,72,91,82,68,81,89,67,61,86,66,8,125,104,97,66,86,64,90,68,69,83,68,71,101,47,63,66,67,51,69,86,65,98,71,79,65,61,75,81,94,67,82,82,72,62,61,86,0,99,100,73,67,86,69,87,100,100,63,144,111,87,60,79,67,72,95,70,65,62,90,63,51,73,79,86,132,85,71,71,66,86,50,72,89,66,89,84,100,64,76,79,69,109,134,101,107,104
MZ515890.1,537,100,80,80,83,73,88,83,88,88,102,84,83,85,76,71,103,92,8,86,61,98,94,80,91,69,106,76,85,106,2,83,106,103,82,80,71,68,86,94,85,92,86,81,67,83,94,81,78,81,105,82,101,128,98,6,82,105,77,82,81,88,4,80,91,104,65,78,81,82,70,82,105,80,5,90,97,92,90,93,100,86,96,62,95,86,77,74,105,99,0,71,86,82,103,82,106,71,71,77,147,82,106,80,97,82,85,86,87,80,77,82,76,72,87,97,105,131,100,91,86,85,105,89,86,108,81,81,99,71,81,89,97,84,110,136,105,107,109
MZ515894.1,541,104,81,81,84,74,89,84,90,89,107,89,84,86,77,74,105,94,75,88,0,100,97,81,92,0,107,77,86,107,69,84,107,104,84,81,0,69,88,96,86,95,88,86,68,86,91,83,80,83,106,82,102,127,100,73,82,106,80,84,84,89,63,80,92,105,63,79,82,83,64,83,106,81,72,91,98,95,91,92,99,89,97,2,96,88,78,78,106,100,71,0,87,83,106,83,107,0,0,74,150,71,107,78,98,83,86,89,87,81,78,84,79,74,89,98,106,136,103,92,86,86,106,90,88,109,82,84,100,0,80,90,98,83,113,137,108,110,112
MZ515895.1,533,74,54,48,57,77,62,57,57,62,81,40,57,59,42,77,78,61,88,57,72,74,90,42,65,83,80,69,79,80,84,77,80,75,75,42,87,72,55,61,13,66,55,78,71,53,20,74,48,61,79,44,75,111,93,83,44,79,47,75,51,62,72,1,65,90,28,46,43,50,10,8,79,46,85,64,72,66,62,64,72,81,71,71,67,55,45,45,79,73,86,87,0,49,77,8,80,87,87,11,134,95,80,54,72,50,13,82,55,42,45,75,46,52,56,72,79,119,76,65,56,59,79,65,55,82,43,76,69,87,49,37,72,10,96,121,94,100,98
MZ515900.1,527,67,48,32,51,71,56,51,36,56,75,51,51,53,36,68,72,40,84,49,71,65,86,38,59,78,73,64,71,72,80,69,73,71,71,39,83,66,34,40,48,61,34,71,65,32,57,70,41,53,72,41,68,109,88,78,41,72,26,70,2,56,69,44,59,81,24,38,38,1,34,45,72,40,81,58,64,61,57,57,66,76,64,66,59,34,36,20,72,67,82,83,49,0,73,45,73,83,83,40,133,92,73,46,64,0,48,78,48,39,35,71,24,44,35,64,72,118,69,59,47,53,72,58,34,74,38,69,60,83,30,49,64,47,91,119,88,93,89
MZ515903.1,552,92,43,71,38,94,51,46,78,51,87,81,46,48,67,94,81,82,107,75,92,77,107,71,46,97,77,78,96,77,103,93,77,6,96,71,106,89,76,84,76,81,76,97,88,74,85,95,73,56,76,70,88,136,109,102,71,76,70,96,72,43,91,74,46,103,46,69,72,73,57,73,76,71,104,45,51,81,77,56,77,96,85,77,86,76,68,61,76,86,103,106,77,73,0,73,77,106,106,65,150,117,77,48,51,73,76,99,76,71,68,96,69,62,77,51,76,141,75,46,75,48,76,78,76,85,72,95,90,106,73,80,51,75,112,145,110,116,114
MZ515904.1,531,70,50,42,53,73,58,53,53,58,78,36,53,55,38,73,74,57,84,53,68,70,86,38,61,79,76,64,75,76,80,73,76,71,73,38,83,68,51,57,9,62,51,76,67,49,16,72,44,57,75,42,71,109,89,79,42,75,43,73,47,58,68,9,61,86,24,42,39,46,7,2,75,44,81,60,68,62,58,60,68,77,67,67,63,51,41,41,75,69,82,83,8,45,73,0,76,83,83,7,130,91,76,50,68,46,9,78,51,38,41,73,42,48,52,68,75,117,72,61,52,55,75,61,51,78,39,74,65,83,45,33,68,6,92,119,90,96,94
MZ515914.1,550,94,52,72,55,95,60,53,81,58,88,82,53,57,68,95,82,85,108,80,97,77,110,72,63,99,0,79,97,0,104,95,0,75,97,72,107,90,79,85,79,84,79,98,89,77,88,96,72,0,1,73,89,132,107,104,74,1,71,97,75,60,94,75,63,104,50,70,73,74,61,76,1,72,105,60,69,84,78,62,78,100,84,77,89,79,69,66,1,87,106,107,80,73,77,76,0,107,107,68,155,118,0,45,69,74,79,102,77,72,69,97,69,65,80,69,1,142,64,63,78,57,1,79,79,86,73,96,90,107,75,83,69,78,116,146,111,117,115
MZ515916.1,541,104,81,81,84,74,89,84,90,89,107,89,84,86,77,74,105,94,75,88,0,100,97,81,92,0,107,77,86,107,69,84,107,104,84,81,0,69,88,96,86,95,88,86,68,86,91,83,80,83,106,82,102,127,99,73,82,106,80,84,84,89,63,80,92,105,63,79,82,83,64,83,106,81,72,91,98,95,91,92,99,89,97,2,96,88,78,78,106,100,71,0,87,83,106,83,107,0,0,74,150,70,107,78,98,83,86,89,87,81,78,84,79,74,89,98,106,136,103,92,86,86,106,90,88,109,82,84,100,0,80,90,98,83,113,137,108,110,112
MZ515917.1,541,104,81,81,84,74,89,84,90,89,107,89,84,86,77,74,105,94,75,88,0,100,97,81,92,0,107,77,86,107,69,84,107,104,84,81,0,69,88,96,86,95,88,86,68,86,91,83,80,83,106,82,102,127,100,73,82,106,80,84,84,89,63,80,92,105,63,79,82,83,64,83,106,81,72,91,98,95,91,92,99,89,97,2,96,88,78,78,106,100,71,0,87,83,106,83,107,0,0,74,150,71,107,78,98,83,86,89,87,81,78,84,79,74,89,98,106,136,103,92,86,86,106,90,88,109,82,84,100,0,80,90,98,83,113,137,108,110,112
MZ515919.1,499,63,41,40,43,66,50,44,48,51,70,36,45,48,35,69,66,51,79,50,66,61,79,36,52,72,68,66,68,68,75,67,68,63,64,36,74,64,45,51,0,57,45,65,63,44,19,63,38,53,67,40,65,104,83,75,40,67,38,64,41,49,67,12,52,76,25,39,33,40,0,7,67,38,76,52,58,57,52,55,61,70,60,65,55,45,38,37,67,63,77,74,11,40,65,7,68,74,74,0,120,81,68,48,58,40,0,69,52,36,38,64,37,48,47,58,67,108,63,52,49,47,67,51,45,69,33,63,62,74,41,31,58,9,85,108,83,91,86
MZ515924.1,539,150,127,132,132,140,137,132,138,137,157,138,132,134,126,138,153,142,149,138,131,151,149,128,140,143,155,116,143,155,145,139,155,148,141,128,150,133,136,143,131,142,136,145,132,135,142,139,130,115,154,130,147,60,151,148,130,154,131,141,135,137,133,130,140,149,98,130,126,134,105,129,154,132,148,139,146,142,141,134,149,140,150,115,137,136,129,122,154,144,147,150,134,133,150,130,155,150,150,120,0,159,155,120,146,134,131,141,128,128,129,141,128,106,137,146,154,133,146,140,136,132,154,141,136,157,126,143,149,150,133,136,146,132,143,61,112,100,116
MZ515925.1,551,113,92,92,95,85,100,95,101,98,116,95,95,97,86,85,114,103,86,100,59,112,102,90,103,67,118,76,95,118,80,91,118,115,95,90,71,80,97,107,94,104,97,97,79,97,99,94,92,84,117,93,113,135,109,83,93,117,89,95,95,100,69,88,103,114,64,90,91,94,70,91,117,92,83,100,109,104,102,101,108,94,107,53,107,97,89,80,117,111,82,71,95,92,117,91,118,70,71,81,159,0,118,82,109,94,94,94,92,90,89,95,87,80,100,109,117,146,114,103,98,97,117,100,97,120,91,95,111,71,88,98,109,91,124,148,119,121,123
MZ515934.1,550,94,52,72,55,95,60,53,81,58,88,82,53,57,68,95,82,85,108,80,97,77,110,72,63,99,0,79,97,0,104,95,0,75,97,72,107,90,79,85,79,84,79,98,89,77,88,96,72,0,1,73,89,132,107,104,74,1,71,97,75,60,94,75,63,104,50,70,73,74,61,76,1,72,105,60,69,84,78,62,78,100,84,77,89,79,69,66,1,87,106,107,80,73,77,76,0,107,107,68,155,118,0,45,69,74,79,102,77,72,69,97,69,65,80,69,1,142,64,63,78,57,1,79,79,86,73,96,90,107,75,83,69,78,116,146,111,117,115
MZ515935.1,496,68,23,48,26,69,31,26,57,32,64,58,26,28,39,69,60,60,82,54,74,56,80,47,34,74,45,66,69,45,78,68,45,46,69,47,78,64,54,61,52,57,54,71,63,52,62,68,49,38,44,49,62,109,85,78,49,44,46,69,47,31,71,52,34,81,36,46,47,46,43,50,44,46,78,34,41,57,51,40,56,72,59,67,61,54,45,46,44,60,80,78,54,46,48,50,45,78,78,48,120,82,45,0,41,46,52,72,60,47,45,69,46,48,54,41,44,113,49,34,52,29,44,54,54,64,47,69,66,78,51,56,41,52,90,113,84,90,85
MZ515936.1,541,87,36,62,29,86,44,39,69,44,80,73,39,41,56,86,72,73,99,70,87,70,99,62,39,90,69,73,88,69,95,85,69,49,88,62,98,81,67,75,71,76,67,89,80,67,80,87,64,51,68,63,81,130,102,93,64,68,61,88,65,36,81,67,39,98,41,60,63,64,50,68,68,62,96,38,0,76,68,49,70,88,78,73,81,67,59,52,68,79,97,98,72,64,51,68,69,98,98,58,146,109,69,41,0,64,71,91,66,62,59,88,60,58,66,0,68,134,68,39,68,41,68,71,67,78,63,87,81,98,65,73,0,70,108,137,103,109,107
MZ515937.1,533,68,48,32,51,71,56,51,35,56,76,52,51,53,36,69,72,39,84,50,70,65,86,40,59,79,74,64,71,74,80,69,74,71,71,40,83,66,33,39,49,62,33,72,65,31,58,70,42,55,73,42,69,113,90,79,42,73,25,71,1,56,70,46,59,84,24,38,40,0,35,46,73,40,81,58,64,62,58,58,68,77,65,65,60,33,37,20,73,67,82,83,50,0,73,46,74,83,83,40,134,94,74,46,64,0,49,78,48,40,37,71,23,45,34,64,73,118,70,59,48,53,73,59,33,76,40,70,61,83,30,50,64,48,92,123,88,94,90
MZ515953.1,533,73,53,47,56,74,61,56,56,61,81,39,56,58,41,76,77,60,87,56,71,73,89,41,64,82,79,68,78,79,83,76,79,74,76,41,86,71,54,60,0,65,54,79,70,52,21,75,47,59,78,45,74,111,92,82,45,78,46,76,50,61,71,14,64,89,25,45,40,49,0,9,78,47,84,63,71,65,61,63,71,80,70,70,66,54,44,43,78,72,85,86,13,48,76,9,79,86,86,0,131,94,79,52,71,49,0,81,54,41,44,76,45,49,55,71,78,120,75,64,55,58,78,64,54,81,40,77,68,86,47,34,71,11,95,120,93,99,97
MZ515970.1,538,99,76,76,77,75,84,79,81,82,97,86,79,81,72,73,98,85,90,84,78,96,26,74,85,86,102,16,79,102,84,74,102,97,75,74,89,70,79,87,81,92,79,78,69,81,90,74,76,72,101,76,97,123,51,87,76,101,75,75,79,82,75,76,85,98,56,74,75,78,61,78,101,76,87,84,91,92,86,86,96,19,92,71,91,79,73,73,101,95,86,89,82,78,99,78,102,89,89,69,141,94,102,72,91,78,81,0,81,74,73,75,74,72,80,91,101,127,98,85,82,81,101,85,79,104,75,76,95,89,76,85,91,80,106,130,99,105,103
MZ515976.1,457,68,55,50,54,77,61,57,53,61,80,58,57,59,44,73,79,56,88,49,82,71,89,46,62,86,77,76,78,77,85,77,77,73,73,46,87,71,51,55,54,66,51,73,71,50,63,72,50,66,76,51,70,115,91,86,51,76,46,73,49,59,78,55,62,84,42,50,48,48,48,51,76,49,85,59,66,66,63,67,74,81,70,78,63,51,48,46,76,70,87,87,55,48,76,51,77,87,87,52,128,92,77,60,66,48,54,81,0,46,48,73,47,56,49,66,76,117,74,62,47,59,76,65,51,81,48,71,1,87,47,56,66,53,94,119,91,95,93
MZ515978.1,527,66,46,38,49,67,54,49,45,54,76,44,49,51,32,69,70,49,82,48,70,66,82,0,57,78,72,61,71,72,78,69,72,69,69,0,81,64,43,51,41,60,43,72,63,43,50,68,40,56,71,34,67,110,84,78,34,71,37,69,41,54,69,40,57,82,25,36,31,40,33,38,71,38,79,56,62,60,56,55,64,74,64,66,59,43,35,36,71,65,80,81,42,39,71,38,72,81,81,36,128,90,72,47,62,40,41,74,46,0,35,69,36,48,44,62,71,117,66,57,46,51,71,57,43,74,31,70,57,81,41,43,62,40,90,117,84,92,88
MZ515979.1,526,63,43,35,46,66,51,46,44,51,73,47,46,48,31,66,67,48,79,45,70,62,81,35,54,75,69,65,68,69,75,66,69,66,68,35,78,61,42,50,44,59,42,69,60,40,53,67,31,53,68,36,64,109,85,74,37,68,34,68,38,51,67,42,54,79,27,5,35,37,32,41,68,29,76,53,59,59,51,55,61,73,60,66,55,42,0,33,68,62,77,78,45,35,68,41,69,78,78,38,129,89,69,45,59,37,44,73,48,35,0,68,33,47,43,59,68,114,65,54,43,48,68,54,42,69,35,67,56,78,39,46,59,43,87,116,83,89,87
MZ515981.1,541,88,71,71,74,72,79,74,78,79,96,81,74,76,67,72,95,82,86,79,69,91,85,69,82,80,97,70,72,97,80,70,97,94,0,69,84,67,76,82,76,85,76,57,66,76,85,5,71,67,96,67,92,121,89,81,67,96,70,0,72,79,66,65,82,93,50,69,70,71,54,73,96,67,81,81,88,85,81,84,91,74,89,69,86,76,68,66,96,90,82,84,75,71,96,73,97,84,84,64,141,95,97,69,88,71,76,75,73,69,68,0,68,70,77,88,96,125,93,82,77,76,96,80,76,97,70,55,90,84,73,80,88,75,103,128,99,105,103
MZ515988.1,526,64,44,28,47,67,52,46,31,51,74,48,46,49,32,67,68,35,77,46,68,61,82,36,55,76,69,64,66,69,74,64,69,67,68,36,79,62,29,36,45,60,29,69,61,27,54,67,38,57,68,38,63,109,80,73,38,68,11,68,24,51,66,43,55,80,23,34,35,23,35,42,68,36,75,54,60,60,54,56,61,74,62,62,57,29,33,1,68,63,76,79,46,24,69,42,69,79,79,37,128,87,69,46,60,23,45,74,47,36,33,68,0,50,30,60,68,113,66,55,44,49,68,55,29,69,35,67,57,79,26,47,60,44,88,116,84,90,86
MZ516018.1,419,67,44,49,46,68,51,43,52,50,67,58,44,48,44,68,65,56,74,55,68,58,84,48,54,71,65,69,66,65,70,66,65,58,70,48,74,62,51,58,49,1,51,64,61,51,60,69,48,54,64,52,52,93,83,72,52,64,50,70,46,51,64,51,54,74,37,50,45,45,39,48,64,47,70,54,58,1,46,58,60,76,53,66,65,51,47,50,64,51,72,74,52,44,62,48,65,74,74,48,106,80,65,48,58,45,49,72,56,48,47,70,50,0,52,58,64,97,61,54,53,50,64,44,51,65,45,62,64,74,50,52,58,48,80,96,75,75,75
MZ516021.1,535,74,54,38,53,77,62,57,15,62,84,58,57,59,40,77,76,19,89,56,77,72,88,44,63,85,80,66,79,80,85,77,80,75,77,44,89,72,13,21,55,68,13,80,71,37,64,76,48,57,79,45,75,119,94,80,46,79,31,77,35,60,71,52,63,90,24,44,45,34,39,52,79,46,86,62,66,68,62,62,74,80,72,71,67,13,43,28,79,73,87,89,56,35,77,52,80,89,89,47,137,100,80,54,66,34,55,80,49,44,43,77,30,52,0,66,79,125,76,63,54,59,79,65,13,82,45,78,67,89,35,57,66,54,96,127,92,100,94
MZ516037.1,541,87,36,62,29,86,44,39,69,44,80,73,39,41,56,86,72,73,99,70,87,70,99,62,39,90,69,73,88,69,95,85,69,49,88,62,98,81,67,75,71,76,67,89,80,67,80,87,64,51,68,63,81,130,102,93,64,68,61,88,65,36,81,67,39,98,41,60,63,64,50,68,68,62,96,38,0,76,68,49,70,88,78,73,81,67,59,52,68,79,97,98,72,64,51,68,69,98,98,58,146,109,69,41,0,64,71,91,66,62,59,88,60,58,66,0,68,134,68,39,68,41,68,71,67,78,63,87,81,98,65,73,0,70,108,137,103,109,107
MZ516042.1,549,93,51,71,54,94,59,52,80,57,87,81,52,56,67,94,81,84,107,79,96,76,109,71,62,98,1,78,96,1,103,94,1,74,96,71,106,89,78,86,78,83,78,97,88,76,87,95,71,1,0,72,88,131,106,103,73,0,70,96,74,59,93,74,62,103,49,69,72,73,60,75,0,71,104,59,68,83,77,61,77,99,83,76,88,78,68,65,0,86,105,106,79,72,76,75,1,106,106,67,154,117,1,44,68,73,78,101,76,71,68,96,68,64,79,68,0,141,63,62,77,56,0,78,78,85,72,95,89,106,74,82,68,77,115,145,110,116,114
MZ516045.1,528,137,116,117,119,126,122,119,126,124,143,125,119,121,113,123,136,128,133,125,119,136,137,117,127,130,142,111,128,142,129,124,142,139,125,117,136,121,122,131,120,129,122,127,120,122,129,123,115,107,141,115,134,117,137,129,115,141,114,125,119,124,116,115,127,138,92,115,117,118,102,116,141,115,130,124,134,129,127,126,134,127,131,110,132,122,114,101,141,132,131,136,119,118,141,117,142,136,136,108,133,146,142,113,134,118,120,127,117,117,114,125,113,97,125,134,141,0,133,127,123,121,141,126,122,144,117,125,136,136,120,123,134,119,128,122,93,101,97
MZ516049.1,547,90,50,68,53,91,58,53,77,58,84,78,53,55,64,91,80,79,102,76,90,74,106,66,61,94,64,77,92,64,98,90,64,73,93,66,103,86,75,83,75,82,75,94,85,73,84,92,70,46,63,69,87,130,108,98,70,63,67,93,71,58,85,71,61,100,49,66,69,70,56,72,63,68,99,58,68,82,75,62,76,94,82,79,85,75,65,62,63,85,100,103,76,69,75,72,64,103,103,63,146,114,64,49,68,70,75,98,74,66,65,93,66,61,76,68,63,133,0,61,74,55,63,76,75,84,69,92,87,103,71,79,68,74,110,139,102,110,106
MZ516051.1,535,80,29,57,18,80,37,32,64,37,73,69,32,34,53,80,67,68,93,65,81,61,93,57,0,84,63,68,82,63,89,79,63,44,82,57,92,75,62,70,64,69,62,83,74,62,73,81,59,47,62,58,73,124,96,90,59,62,56,82,60,7,79,61,0,91,36,55,58,59,45,61,62,57,90,31,39,69,63,44,63,82,69,68,72,62,54,47,62,71,91,92,65,59,46,61,63,92,92,52,140,103,63,34,39,59,64,85,62,57,54,82,55,54,63,39,62,127,61,0,63,34,62,64,62,71,58,81,76,92,60,68,39,63,101,131,96,100,100
MZ516061.1,537,62,52,46,55,75,60,55,55,60,82,58,55,57,42,75,76,59,88,2,76,72,90,46,63,83,78,72,75,78,84,73,78,73,77,46,86,70,53,61,55,68,53,78,69,51,64,76,48,59,77,47,73,119,93,84,48,77,45,77,49,60,75,52,63,86,39,44,47,48,41,52,77,46,85,62,68,68,62,64,72,82,70,72,57,53,43,45,77,71,86,86,56,47,75,52,78,86,86,49,136,98,78,52,68,48,55,82,47,46,43,77,44,53,54,68,77,123,74,63,0,57,77,63,53,80,47,76,53,86,50,57,68,54,96,127,92,98,96
MZ516065.1,533,74,19,51,26,74,25,22,60,27,67,63,22,22,47,74,61,64,87,59,77,55,89,51,34,80,57,66,76,57,83,74,57,46,76,51,86,69,58,66,58,63,58,77,68,56,67,75,53,44,56,52,68,116,92,83,53,56,50,76,54,31,73,54,34,85,32,49,52,53,40,55,56,51,84,33,41,63,57,37,57,79,65,66,68,58,48,44,56,66,85,86,59,53,48,55,57,86,86,47,132,97,57,29,41,53,58,81,59,51,48,76,49,50,59,41,56,121,55,34,57,0,56,58,58,65,52,75,70,86,54,62,41,57,95,123,90,96,94
MZ516081.1,549,93,51,71,54,94,59,52,80,57,87,81,52,56,67,94,81,84,107,79,96,76,109,71,62,98,1,78,96,1,103,94,1,74,96,71,106,89,78,86,78,83,78,97,88,76,87,95,71,1,0,72,88,131,106,103,73,0,70,96,74,59,93,74,62,103,49,69,72,73,60,75,0,71,104,59,68,83,77,61,77,99,83,76,88,78,68,65,0,86,105,106,79,72,76,75,1,106,106,67,154,117,1,44,68,73,78,101,76,71,68,96,68,64,79,68,0,141,63,62,77,56,0,78,78,85,72,95,89,106,74,82,68,77,115,145,110,116,114
MZ516098.1,532,78,53,55,56,78,61,56,66,61,83,69,56,58,53,76,77,70,91,65,75,73,93,57,64,87,79,70,82,79,87,79,79,76,80,57,90,73,64,71,64,57,64,83,72,62,71,79,59,58,78,54,52,121,99,90,54,78,56,80,60,61,77,58,64,93,39,55,58,59,45,61,78,55,90,63,71,57,53,67,73,85,59,71,70,64,54,50,78,50,89,90,65,58,78,61,79,90,90,51,141,100,79,54,71,59,64,85,65,57,54,80,55,44,65,71,78,126,76,64,63,58,78,0,64,81,58,81,76,90,59,68,71,63,101,130,97,101,101
MZ516101.1,538,73,53,37,54,76,61,56,14,61,83,57,56,58,41,76,75,6,88,55,75,71,87,43,62,83,79,65,78,79,84,76,79,74,76,43,88,71,0,20,54,67,0,79,70,36,63,75,47,56,78,44,74,118,93,81,45,78,30,76,34,59,71,51,62,89,25,43,44,33,40,51,78,45,85,61,67,67,63,63,73,78,71,69,66,0,42,26,78,72,86,88,55,34,76,51,79,88,88,45,136,97,79,54,67,33,54,79,51,43,42,76,29,51,13,67,78,122,75,62,53,58,78,64,0,81,44,77,66,88,34,56,67,53,95,126,93,99,95
MZ516102.1,556,93,60,74,63,97,68,63,83,68,90,86,63,65,70,97,84,85,110,82,98,80,112,74,71,104,86,85,97,86,106,95,86,83,97,74,109,92,81,89,81,86,81,100,91,77,90,96,76,61,85,75,91,139,114,107,76,85,71,97,77,68,93,77,71,104,53,70,75,76,62,78,85,74,107,70,78,86,76,74,76,103,88,87,89,81,69,67,85,89,108,109,82,74,85,78,86,109,109,69,157,120,86,64,78,76,81,104,81,74,69,97,69,65,82,78,85,144,84,71,80,65,85,81,81,0,75,98,93,109,74,85,78,80,116,148,113,119,117
MZ516105.1,529,66,47,39,50,70,55,50,46,55,77,45,50,52,33,70,71,50,83,49,69,67,83,30,58,77,73,62,72,72,79,70,73,70,70,31,82,65,44,52,40,61,44,73,64,44,51,69,41,53,72,34,68,105,88,77,35,72,38,69,42,55,69,39,58,83,0,37,0,41,28,39,72,39,80,57,63,61,56,57,61,74,63,67,60,44,36,35,72,66,81,82,43,38,72,39,73,82,82,33,126,91,73,47,63,40,40,75,48,31,35,70,35,45,45,63,72,117,69,58,47,52,72,58,44,75,0,71,59,82,42,44,63,41,90,115,85,91,89
MZ516107.1,542,93,70,70,73,70,78,73,79,78,98,80,73,75,66,70,94,83,85,78,71,88,86,70,81,81,96,66,69,96,79,67,96,93,55,70,84,65,77,83,77,86,77,2,64,75,86,54,72,64,95,69,91,121,90,79,70,95,69,55,71,78,65,66,81,94,51,68,71,70,53,74,95,68,80,80,87,86,80,80,90,75,88,67,85,77,67,66,95,89,81,84,76,69,95,74,96,84,84,63,143,95,96,69,87,70,77,76,71,70,67,55,67,62,78,87,95,125,92,81,76,75,95,81,77,98,71,0,89,84,72,81,87,76,102,130,97,102,101
MZ516109.1,539,79,65,59,68,88,73,67,68,72,93,71,67,70,55,88,89,72,100,55,88,83,103,57,76,97,90,84,88,90,97,85,90,88,90,57,100,83,66,74,68,81,66,91,82,62,77,89,61,72,89,61,85,132,106,97,61,89,58,90,62,72,86,65,76,101,48,57,59,61,53,65,89,59,98,74,81,81,75,77,85,95,82,86,71,66,56,55,89,84,99,100,69,60,90,65,90,100,100,62,149,111,90,66,81,61,68,95,1,57,56,90,57,64,67,81,89,136,87,76,53,70,89,76,66,93,59,89,0,100,58,70,81,67,109,140,105,111,109
MZ516116.1,541,104,81,81,84,74,89,84,90,89,107,89,84,86,77,74,105,94,75,88,0,100,97,81,92,0,107,77,86,107,69,84,107,104,84,81,0,69,88,96,86,95,88,86,68,86,91,83,80,83,106,82,102,127,100,73,82,106,80,84,84,89,63,80,92,105,63,79,82,83,64,83,106,81,72,91,98,95,91,92,99,89,97,2,96,88,78,78,106,100,71,0,87,83,106,83,107,0,0,74,150,71,107,78,98,83,86,89,87,81,78,84,79,74,89,98,106,136,103,92,86,86,106,90,88,109,82,84,100,0,80,90,98,83,113,137,108,110,112
MZ516121.1,506,67,49,33,52,70,57,52,37,57,79,53,52,54,38,71,73,40,83,52,71,65,85,41,60,77,75,66,71,75,79,70,75,72,73,41,80,65,34,43,47,65,34,74,64,1,57,72,42,57,74,44,66,116,88,77,44,74,26,73,31,57,74,46,60,82,26,40,42,30,36,45,74,40,80,58,65,65,59,58,69,77,64,62,59,34,39,25,74,64,81,80,49,30,73,45,75,80,80,41,133,88,75,51,65,30,47,76,47,41,39,73,26,50,35,65,74,120,71,60,50,54,74,59,34,74,42,72,58,80,0,51,65,47,92,123,88,95,90
MZ516123.1,536,77,57,49,60,80,65,60,58,65,85,41,60,62,41,80,81,62,91,58,74,77,93,43,68,87,83,70,82,83,87,80,83,78,80,43,90,75,56,64,34,69,56,83,74,54,45,79,49,61,82,47,78,117,95,86,47,82,48,80,51,65,77,37,68,93,31,47,44,50,25,33,82,49,88,67,73,69,65,66,75,85,74,72,70,56,46,46,82,76,89,90,37,49,80,33,83,90,90,31,136,98,83,56,73,50,34,85,56,43,46,80,47,52,57,73,82,123,79,68,57,62,82,68,56,85,44,81,70,90,51,0,73,35,101,125,96,102,100
MZ516125.1,541,87,36,62,29,86,44,39,69,44,80,73,39,41,56,86,72,73,99,70,87,70,99,62,39,90,69,73,88,69,95,85,69,49,88,62,98,81,67,75,71,76,67,89,80,67,80,87,64,51,68,63,81,130,102,93,64,68,61,88,65,36,81,67,39,98,41,60,63,64,50,68,68,62,96,38,0,76,68,49,70,88,78,73,81,67,59,52,68,79,97,98,72,64,51,68,69,98,98,58,146,109,69,41,0,64,71,91,66,62,59,88,60,58,66,0,68,134,68,39,68,41,68,71,67,78,63,87,81,98,65,73,0,70,108,137,103,109,107
MZ516139.1,531,72,52,46,55,75,60,55,55,60,80,38,55,57,40,75,76,59,86,55,68,72,88,40,63,79,78,66,77,78,82,75,78,73,75,40,83,70,53,59,11,64,53,78,69,51,18,74,46,59,77,44,71,111,91,81,44,77,45,75,49,60,70,11,63,88,24,44,41,48,9,6,77,46,83,62,70,64,60,62,68,79,69,66,65,53,43,43,77,69,84,83,10,47,75,6,78,83,83,9,132,91,78,52,70,48,11,80,53,40,43,75,44,48,54,70,77,119,74,63,54,57,77,63,53,80,41,76,67,83,47,35,70,0,94,121,92,98,96
LR699726.1,538,113,90,90,93,101,98,93,97,98,120,100,93,95,86,101,112,101,112,98,98,110,114,90,101,108,116,93,101,116,108,98,116,112,103,90,113,96,95,103,95,106,95,104,95,95,104,102,92,88,115,92,111,125,118,108,92,115,89,103,93,98,100,92,101,110,71,88,90,92,78,92,115,90,109,100,108,106,100,100,110,105,108,95,107,95,87,84,115,109,110,113,96,91,112,92,116,113,113,85,143,124,116,90,108,92,95,106,94,90,87,103,88,80,96,108,115,128,110,101,96,95,115,101,95,116,90,102,109,113,92,101,108,94,0,132,97,101,101
LR699735.1,536,141,120,121,123,129,128,123,128,128,148,127,123,125,115,127,142,132,138,129,120,140,138,117,131,132,146,107,133,146,134,129,146,143,128,117,137,124,126,133,120,131,126,132,123,126,131,126,119,113,145,117,136,0,140,137,117,145,120,128,124,128,120,117,131,140,88,117,115,123,95,118,145,119,137,130,137,131,131,125,138,129,139,108,132,126,116,111,145,134,136,137,121,119,145,119,146,137,137,108,61,148,146,113,137,123,120,130,119,117,116,128,116,96,127,137,145,122,139,131,127,123,145,130,126,148,115,130,140,137,123,125,137,121,132,0,101,89,105
KY249681.1,511,108,85,86,88,96,93,88,95,93,115,96,88,90,82,94,105,99,107,94,91,104,109,84,96,102,111,85,96,111,103,92,111,108,99,84,108,91,93,100,93,102,93,99,90,91,102,97,86,84,110,88,103,93,111,103,88,110,85,99,89,93,93,88,96,107,67,84,85,88,77,89,110,86,104,95,103,102,96,93,105,100,103,87,103,93,83,79,110,101,105,108,94,88,110,90,111,108,108,83,112,119,111,84,103,88,93,99,91,84,83,99,84,75,92,103,110,93,102,96,92,90,110,97,93,113,85,97,105,108,88,96,103,92,97,101,0,72,10
KY249682.1,517,114,91,92,92,98,99,94,101,99,121,104,94,96,88,96,109,105,107,100,98,110,113,92,100,106,117,87,104,117,105,100,117,114,105,92,110,93,99,106,99,106,99,104,92,97,108,103,92,90,116,93,109,84,117,107,93,116,91,105,95,97,95,94,100,113,73,90,91,94,79,95,116,92,108,101,109,106,102,100,111,104,109,88,106,99,89,83,116,107,107,110,100,93,116,96,117,110,110,91,100,121,117,90,109,94,99,105,95,92,89,105,90,75,100,109,116,101,110,100,98,96,116,101,99,119,91,102,111,110,95,102,109,98,101,89,72,0,76
KY249683.1,517,112,89,90,92,100,97,92,97,97,119,100,92,94,86,98,109,101,111,98,94,108,113,88,100,107,115,85,100,115,107,96,115,112,103,88,112,95,95,102,97,106,95,103,94,93,106,101,90,89,114,92,106,96,114,107,92,114,87,103,91,97,97,92,100,111,69,88,89,90,78,93,114,90,108,99,107,106,100,97,109,104,107,87,106,95,87,80,114,104,109,112,98,89,114,94,115,112,112,86,116,123,115,85,107,90,97,103,93,88,87,103,86,75,94,107,114,97,106,100,96,94,114,101,95,117,89,101,109,112,90,100,107,96,101,105,10,76,0
